objectID,isHighlight,accessionNumber,accessionYear,isPublicDomain,primaryImage,primaryImageSmall,additionalImages,constituents,department,objectName,title,culture,period,dynasty,reign,portfolio,artistRole,artistPrefix,artistDisplayName,artistDisplayBio,artistSuffix,artistAlphaSort,artistNationality,artistBeginDate,artistEndDate,artistGender,artistWikidata_URL,artistULAN_URL,objectDate,objectBeginDate,objectEndDate,medium,dimensions,measurements,creditLine,geographyType,city,state,county,country,region,subregion,locale,locus,excavation,river,classification,rightsAndReproduction,linkResource,metadataDate,repository,objectURL,tags,objectWikidata_URL,isTimelineWork,GalleryNumber
236,False,88.10.3,1888,True,https://images.metmuseum.org/CRDImages/ad/original/DP341697.jpg,https://images.metmuseum.org/CRDImages/ad/web-large/DP341697.jpg,"['https://images.metmuseum.org/CRDImages/ad/original/DP341696.jpg', 'https://images.metmuseum.org/CRDImages/ad/original/DP364531.jpg', 'https://images.metmuseum.org/CRDImages/ad/original/DP364532.jpg', 'https://images.metmuseum.org/CRDImages/ad/original/DP364533.jpg', 'https://images.metmuseum.org/CRDImages/ad/original/DP364534.jpg', 'https://images.metmuseum.org/CRDImages/ad/original/DP364535.jpg', 'https://images.metmuseum.org/CRDImages/ad/original/DP364536.jpg', 'https://images.metmuseum.org/CRDImages/ad/original/DP364537.jpg', 'https://images.metmuseum.org/CRDImages/ad/original/DP364538.jpg', 'https://images.metmuseum.org/CRDImages/ad/original/DP364539.jpg', 'https://images.metmuseum.org/CRDImages/ad/original/DP341698.jpg', 'https://images.metmuseum.org/CRDImages/ad/original/DP341699.jpg']","[{'constituentID': 163814, 'role': 'Maker', 'name': 'Pottier and Stymus Manufacturing Company', 'constituentULAN_URL': 'http://vocab.getty.edu/page/ulan/500330539', 'constituentWikidata_URL': 'https://www.wikidata.org/wiki/Q2106610', 'gender': ''}]",The American Wing,Armchair,Armchair,American,,,,,Maker,,Pottier and Stymus Manufacturing Company,active ca. 1858–1918/19,,Pottier and Stymus Manufacturing Company,,1858,1919,,https://www.wikidata.org/wiki/Q2106610,http://vocab.getty.edu/page/ulan/500330539,ca. 1875–76,1870,1881,"Black walnut, original and reproduction upholstery",51 3/4 x 28 x 25 in. (131.4 x 71.1 x 63.5 cm),"[{'elementName': 'Overall', 'elementDescription': None, 'elementMeasurements': {'Depth': 63.5001, 'Height': 131.4, 'Width': 71.1201}}]","Gift of Auguste Pottier, 1888",Made in,New York,New York,,United States,Mid-Atlantic,,,,,,,,,2025-01-30T04:54:21.21Z,"Metropolitan Museum of Art, New York, NY",https://www.metmuseum.org/art/collection/search/236,,https://www.wikidata.org/wiki/Q116373574,False,730
237,True,1970.35.1,1970,True,https://images.metmuseum.org/CRDImages/ad/original/DT179.jpg,https://images.metmuseum.org/CRDImages/ad/web-large/DT179.jpg,['https://images.metmuseum.org/CRDImages/ad/original/ADA3177.jpg'],"[{'constituentID': 163814, 'role': 'Maker', 'name': 'Attributed to Pottier and Stymus Manufacturing Company', 'constituentULAN_URL': 'http://vocab.getty.edu/page/ulan/500330539', 'constituentWikidata_URL': 'https://www.wikidata.org/wiki/Q2106610', 'gender': ''}]",The American Wing,Armchair,Armchair,American,,,,,Maker,Attributed to,Pottier and Stymus Manufacturing Company,active ca. 1858–1918/19,,Pottier and Stymus Manufacturing Company,,1858,1919,,https://www.wikidata.org/wiki/Q2106610,http://vocab.getty.edu/page/ulan/500330539,ca. 1870–75,1867,1875,"Rosewood, prickly juniper veneer, gilding, brass, original tapestry upholstery",37 x 27 1/2 x 27 1/2 in. (94 x 69.9 x 69.9 cm),"[{'elementName': 'Overall', 'elementDescription': None, 'elementMeasurements': {'Depth': 69.9, 'Height': 93.9802, 'Width': 69.9}}]","Funds from various donors, 1970",Made in,New York,New York,,United States,Mid-Atlantic,,,,,,,,,2025-01-30T04:54:21.21Z,"Metropolitan Museum of Art, New York, NY",https://www.metmuseum.org/art/collection/search/237,"[{'term': 'Sphinx', 'AAT_URL': 'http://vocab.getty.edu/page/aat/300375739', 'Wikidata_URL': 'https://www.wikidata.org/wiki/Q151480'}]",https://www.wikidata.org/wiki/Q29382865,True,736
238,False,1986.447.2,1986,True,https://images.metmuseum.org/CRDImages/ad/original/243157.jpg,https://images.metmuseum.org/CRDImages/ad/web-large/243157.jpg,[],"[{'constituentID': 1119, 'role': 'Maker', 'name': 'Follower of Henry Hobson Richardson', 'constituentULAN_URL': 'http://vocab.getty.edu/page/ulan/500016339', 'constituentWikidata_URL': 'https://www.wikidata.org/wiki/Q723234', 'gender': ''}]",The American Wing,Armchair,Armchair,American,,,,,Maker,Follower of,Henry Hobson Richardson,1836–1886,,"Richardson, Henry Hobson",American,1836,1886,,https://www.wikidata.org/wiki/Q723234,http://vocab.getty.edu/page/ulan/500016339,ca. 1880,1877,1880,Oak,33 x 25 x 29 in. (83.8 x 63.5 x 73.7 cm),"[{'elementName': 'Overall', 'elementDescription': None, 'elementMeasurements': {'Depth': 73.7, 'Height': 83.8, 'Width': 63.5001}}]","Anonymous Gift, 1986",Made in,,,,United States,New England,,,,,,,,,2021-04-06T04:41:04.967Z,"Metropolitan Museum of Art, New York, NY",https://www.metmuseum.org/art/collection/search/238,,,False,
239,False,64.202.1,1964,False,,,[],"[{'constituentID': 162542, 'role': 'Maker', 'name': 'Louis C. Tiffany', 'constituentULAN_URL': 'http://vocab.getty.edu/page/ulan/500030415', 'constituentWikidata_URL': 'https://www.wikidata.org/wiki/Q312950', 'gender': ''}, {'constituentID': 162540, 'role': 'Maker', 'name': 'Tiffany Glass and Decorating Company', 'constituentULAN_URL': 'http://vocab.getty.edu/page/ulan/500331512', 'constituentWikidata_URL': '', 'gender': ''}]",The American Wing,Armchair,Armchair,American,,,,,Maker,,Louis C. Tiffany,"American, New York 1848–1933 New York",,"Tiffany, Louis C.",American,1848,1933,,https://www.wikidata.org/wiki/Q312950,http://vocab.getty.edu/page/ulan/500030415,ca. 1891–93,1888,1893,"Prima vera, American ash (secondary wood); marquetry of various woods and brass; replacement upholstery",35 5/8 x 25 1/4 x 26 1/8 in. (90.5 x 64.1 x 66.4 cm),"[{'elementName': 'Overall', 'elementDescription': None, 'elementMeasurements': {'Depth': 66.3576, 'Height': 90.5, 'Width': 64.1}}]","Gift of Mr. and Mrs. George E. Seligmann, 1964",Made in,New York,New York,,United States,Mid-Atlantic,,,,,,,,,2025-01-30T04:54:21.21Z,"Metropolitan Museum of Art, New York, NY",https://www.metmuseum.org/art/collection/search/239,,https://www.wikidata.org/wiki/Q116373572,False,743
240,False,64.202.2,1964,False,,,[],"[{'constituentID': 162542, 'role': 'Maker', 'name': 'Louis C. Tiffany', 'constituentULAN_URL': 'http://vocab.getty.edu/page/ulan/500030415', 'constituentWikidata_URL': 'https://www.wikidata.org/wiki/Q312950', 'gender': ''}, {'constituentID': 162540, 'role': 'Maker', 'name': 'Tiffany Glass and Decorating Company', 'constituentULAN_URL': 'http://vocab.getty.edu/page/ulan/500331512', 'constituentWikidata_URL': '', 'gender': ''}]",The American Wing,Armchair,Armchair,American,,,,,Maker,,Louis C. Tiffany,"American, New York 1848–1933 New York",,"Tiffany, Louis C.",American,1848,1933,,https://www.wikidata.org/wiki/Q312950,http://vocab.getty.edu/page/ulan/500030415,ca. 1893,1890,1893,"Prima vera, American ash (secondary wood); marquetry of various woods and brass; replacement upholstery",35 3/8 x 25 5/8 x 26 1/4 in. (89.9 x 65.1 x 66.7 cm),"[{'elementName': 'Overall', 'elementDescription': None, 'elementMeasurements': {'Depth': 66.7, 'Height': 89.8527, 'Width': 65.1}}]","Gift of Mr. and Mrs. George E. Seligmann, 1964",Made in,New York,New York,,United States,Mid-Atlantic,,,,,,,,,2023-02-07T04:46:51.34Z,"Metropolitan Museum of Art, New York, NY",https://www.metmuseum.org/art/collection/search/240,,https://www.wikidata.org/wiki/Q116373566,False,774
243,False,1979.130,1979,False,,,[],"[{'constituentID': 162765, 'role': 'Maker', 'name': 'Frank Lloyd Wright', 'constituentULAN_URL': 'http://vocab.getty.edu/page/ulan/500020307', 'constituentWikidata_URL': 'https://www.wikidata.org/wiki/Q5604', 'gender': ''}]",The American Wing,Revolving armchair,Revolving Armchair,American,,,,,Maker,,Frank Lloyd Wright,"American, Richland Center, Wisconsin 1867–1959 Phoenix, Arizona",,"Wright, Frank Lloyd",American,1867,1959,,https://www.wikidata.org/wiki/Q5604,http://vocab.getty.edu/page/ulan/500020307,ca. 1904,1901,1904,"Steel, wood",38 x 20 3/4 x 24 3/4 in. (96.5 x 52.7 x 62.9 cm),"[{'elementName': 'Overall', 'elementDescription': None, 'elementMeasurements': {'Depth': 62.8651, 'Height': 96.5, 'Width': 52.7}}]","Purchase, Theodore R. Gamble Jr. Gift, in honor of his mother, Mrs. Theodore Robert Gamble, 1979",,,,,,,,,,,,,"© 2025 Artists Rights Society (ARS), New York",,2025-01-30T04:54:21.21Z,"Metropolitan Museum of Art, New York, NY",https://www.metmuseum.org/art/collection/search/243,,https://www.wikidata.org/wiki/Q116390159,True,774
244,False,1970.290.12,1970,True,https://images.metmuseum.org/CRDImages/ad/original/199194.jpg,https://images.metmuseum.org/CRDImages/ad/web-large/199194.jpg,[],,The American Wing,Armchair,Armchair,American,,,,,,,,,,,,,,,,,1877–80,1877,1880,Mahogany,36 1/2 x 24 x 23 3/4 in. (92.7 x 61 x 60.3 cm),"[{'elementName': 'Overall', 'elementDescription': None, 'elementMeasurements': {'Depth': 60.3, 'Height': 92.7, 'Width': 60.9601}}]","Gift of Richard T. Button, 1970",Made in,,New York,,United States,Mid-Atlantic,,,,,,,,,2021-04-06T04:41:04.967Z,"Metropolitan Museum of Art, New York, NY",https://www.metmuseum.org/art/collection/search/244,,,False,
245,False,1970.290.13,1970,True,https://images.metmuseum.org/CRDImages/ad/original/199194.jpg,https://images.metmuseum.org/CRDImages/ad/web-large/199194.jpg,[],,The American Wing,Armchair,Armchair,American,,,,,,,,,,,,,,,,,1877–80,1877,1880,Mahogany,36 1/2 x 24 x 23 3/4 in. (92.7 x 61 x 60.3 cm),"[{'elementName': 'Overall', 'elementDescription': None, 'elementMeasurements': {'Depth': 60.3, 'Height': 92.7, 'Width': 60.9601}}]","Gift of Richard T. Button, 1970",Made in,,New York,,United States,Mid-Atlantic,,,,,,,,,2021-04-06T04:41:04.967Z,"Metropolitan Museum of Art, New York, NY",https://www.metmuseum.org/art/collection/search/245,,,False,
246,False,68.133.2,1968,True,https://images.metmuseum.org/CRDImages/ad/original/255564.jpg,https://images.metmuseum.org/CRDImages/ad/web-large/255564.jpg,[],"[{'constituentID': 1122, 'role': 'Maker', 'name': 'Attributed to John Jelliff', 'constituentULAN_URL': 'http://vocab.getty.edu/page/ulan/500062668', 'constituentWikidata_URL': 'https://www.wikidata.org/wiki/Q55720851', 'gender': ''}]",The American Wing,Armchair,Armchair,American,,,,,Maker,Attributed to,John Jelliff,1813–1893,,"Jelliff, John",American,1813,1893,,https://www.wikidata.org/wiki/Q55720851,http://vocab.getty.edu/page/ulan/500062668,1868–70,1868,1870,"Rosewood, ash, mother-of-pearl",44 1/2 x 28 1/2 x 29 3/8 in. (113 x 72.4 x 74.6 cm),"[{'elementName': 'Overall', 'elementDescription': None, 'elementMeasurements': {'Depth': 74.6, 'Height': 113, 'Width': 72.3901}}]","Gift of Josephine M. Fiala, 1968",Made in,Newark,New Jersey,,United States,Mid-Atlantic,,,,,,,,,2023-02-07T04:46:51.34Z,"Metropolitan Museum of Art, New York, NY",https://www.metmuseum.org/art/collection/search/246,,https://www.wikidata.org/wiki/Q116373569,False,737
247,False,68.133.3,1968,True,https://images.metmuseum.org/CRDImages/ad/original/DP-20204-001.jpg,https://images.metmuseum.org/CRDImages/ad/web-large/DP-20204-001.jpg,"['https://images.metmuseum.org/CRDImages/ad/original/DP-20204-002.jpg', 'https://images.metmuseum.org/CRDImages/ad/original/DT11625.jpg', 'https://images.metmuseum.org/CRDImages/ad/original/190798.jpg', 'https://images.metmuseum.org/CRDImages/ad/original/ADA3265.jpg']","[{'constituentID': 1122, 'role': 'Maker', 'name': 'Attributed to John Jelliff', 'constituentULAN_URL': 'http://vocab.getty.edu/page/ulan/500062668', 'constituentWikidata_URL': 'https://www.wikidata.org/wiki/Q55720851', 'gender': ''}]",The American Wing,Armchair,Armchair,American,,,,,Maker,Attributed to,John Jelliff,1813–1893,,"Jelliff, John",American,1813,1893,,https://www.wikidata.org/wiki/Q55720851,http://vocab.getty.edu/page/ulan/500062668,1868–70,1868,1870,"Rosewood, ash, mother-of-pearl",44 1/2 x 28 1/2 x 29 3/8 in. (113 x 72.4 x 74.6 cm),"[{'elementName': 'Overall', 'elementDescription': None, 'elementMeasurements': {'Depth': 74.6126, 'Height': 113, 'Width': 72.4}}]","Gift of Josephine M. Fiala, 1968",Made in,Newark,New Jersey,,United States,Mid-Atlantic,,,,,,,,,2025-01-30T04:54:21.21Z,"Metropolitan Museum of Art, New York, NY",https://www.metmuseum.org/art/collection/search/247,,https://www.wikidata.org/wiki/Q83560008,True,737
248,False,69.258.3,1969,True,https://images.metmuseum.org/CRDImages/ad/original/199165.jpg,https://images.metmuseum.org/CRDImages/ad/web-large/199165.jpg,[],"[{'constituentID': 164971, 'role': 'Maker', 'name': 'Joseph Meeks &amp; Sons', 'constituentULAN_URL': 'http://vocab.getty.edu/page/ulan/500524443', 'constituentWikidata_URL': 'https://www.wikidata.org/wiki/Q97054971', 'gender': ''}]",The American Wing,Side Chair,Side Chair,American,,,,,Maker,,Joseph Meeks & Sons,"American, New York, 1829–35",,"Meeks, Joseph & Sons",American,1829,1835,,https://www.wikidata.org/wiki/Q97054971,http://vocab.getty.edu/page/ulan/500524443,1859,1859,1859,Rosewood,48 x 27 1/2 x 31 in. (121.9 x 69.9 x 78.7 cm),"[{'elementName': 'Overall', 'elementDescription': None, 'elementMeasurements': {'Depth': 78.7402, 'Height': 121.9, 'Width': 69.9}}]","Gift of Bradford A. Warner, 1969",Made in,New York,New York,,United States,Mid-Atlantic,,,,,,,,,2022-02-09T04:42:08.947Z,"Metropolitan Museum of Art, New York, NY",https://www.metmuseum.org/art/collection/search/248,"[{'term': 'Grapes', 'AAT_URL': 'http://vocab.getty.edu/page/aat/300379338', 'Wikidata_URL': 'https://www.wikidata.org/wiki/Q10978'}]",,False,
249,False,69.258.4,1969,True,https://images.metmuseum.org/CRDImages/ad/original/199165.jpg,https://images.metmuseum.org/CRDImages/ad/web-large/199165.jpg,[],"[{'constituentID': 164971, 'role': 'Maker', 'name': 'Joseph Meeks &amp; Sons', 'constituentULAN_URL': 'http://vocab.getty.edu/page/ulan/500524443', 'constituentWikidata_URL': 'https://www.wikidata.org/wiki/Q97054971', 'gender': ''}]",The American Wing,Side Chair,Side Chair,American,,,,,Maker,,Joseph Meeks & Sons,"American, New York, 1829–35",,"Meeks, Joseph & Sons",American,1829,1835,,https://www.wikidata.org/wiki/Q97054971,http://vocab.getty.edu/page/ulan/500524443,1859,1859,1859,Rosewood,48 x 27 1/2 x 31 in. (121.9 x 69.9 x 78.7 cm),"[{'elementName': 'Overall', 'elementDescription': None, 'elementMeasurements': {'Depth': 78.7402, 'Height': 121.9, 'Width': 69.9}}]","Gift of Bradford A. Warner, 1969",Made in,New York,New York,,United States,Mid-Atlantic,,,,,,,,,2022-02-09T04:42:08.947Z,"Metropolitan Museum of Art, New York, NY",https://www.metmuseum.org/art/collection/search/249,"[{'term': 'Grapes', 'AAT_URL': 'http://vocab.getty.edu/page/aat/300379338', 'Wikidata_URL': 'https://www.wikidata.org/wiki/Q10978'}]",,False,
252,False,11.60.148,1911,True,https://images.metmuseum.org/CRDImages/ad/original/58610.jpg,https://images.metmuseum.org/CRDImages/ad/web-large/58610.jpg,[],,The American Wing,Armchair,Armchair,American,,,,,,,,,,,,,,,,,1740–60,1740,1760,"Walnut, ash, white pine",36 x 22 3/4 x 20 3/4 in. (91.4 x 57.8 x 52.7 cm),"[{'elementName': 'Overall', 'elementDescription': None, 'elementMeasurements': {'Depth': 52.7, 'Height': 91.4, 'Width': 57.7851}}]","Bequest of Maria P. James, 1910",Made in,,New York,,United States,Mid-Atlantic,,,,,,,,,2023-10-21T04:54:44.31Z,"Metropolitan Museum of Art, New York, NY",https://www.metmuseum.org/art/collection/search/252,,https://www.wikidata.org/wiki/Q116373565,False,774
253,False,11.60.149,1911,True,https://images.metmuseum.org/CRDImages/ad/original/58610.jpg,https://images.metmuseum.org/CRDImages/ad/web-large/58610.jpg,[],,The American Wing,Armchair,Armchair,American,,,,,,,,,,,,,,,,,1740–60,1740,1760,"Walnut, ash, mahogany",36 x 22 3/4 x 20 3/4 in. (91.4 x 57.8 x 52.7 cm),"[{'elementName': 'Overall', 'elementDescription': None, 'elementMeasurements': {'Depth': 52.7051, 'Height': 91.4, 'Width': 57.8}}]","Bequest of Maria P. James, 1910",Made in,,New York,,United States,Mid-Atlantic,,,,,,,,,2021-04-06T04:41:04.967Z,"Metropolitan Museum of Art, New York, NY",https://www.metmuseum.org/art/collection/search/253,,,False,
254,False,30.120.7,1930,True,https://images.metmuseum.org/CRDImages/ad/original/81157.jpg,https://images.metmuseum.org/CRDImages/ad/web-large/81157.jpg,[],,The American Wing,Armchair,Armchair,American,,,,,,,,,,,,,,,,,1790–1800,1790,1800,Mahogany,38 x 22 5/8 x 17 1/8 in. (96.5 x 57.5 x 43.5 cm),"[{'elementName': 'Overall', 'elementDescription': None, 'elementMeasurements': {'Depth': 43.5, 'Height': 96.5, 'Width': 57.4676}}]","The Sylmaris Collection, Gift of George Coe Graves, 1930",Probably made in,,New York,,United States,Mid-Atlantic,,,,,,,,,2021-06-22T04:40:18.937Z,"Metropolitan Museum of Art, New York, NY",https://www.metmuseum.org/art/collection/search/254,,,False,
255,False,30.120.76,1930,True,https://images.metmuseum.org/CRDImages/ad/original/80933.jpg,https://images.metmuseum.org/CRDImages/ad/web-large/80933.jpg,[],,The American Wing,Armchair,Armchair,Canadian,,,,,,,,,,,,,,,,,1800–1830,1800,1830,Birch,37 3/4 x 22 1/4 x 18 1/4 in. (95.9 x 56.5 x 46.4 cm),"[{'elementName': 'Overall', 'elementDescription': None, 'elementMeasurements': {'Depth': 46.3551, 'Height': 95.9, 'Width': 56.5}}]","The Sylmaris Collection, Gift of George Coe Graves, 1930",Made in,,,,Canada,,,,,,,,,,2021-04-06T04:41:04.967Z,"Metropolitan Museum of Art, New York, NY",https://www.metmuseum.org/art/collection/search/255,,,False,
257,False,32.55.6,1932,True,https://images.metmuseum.org/CRDImages/ad/original/DP108647.jpg,https://images.metmuseum.org/CRDImages/ad/web-large/DP108647.jpg,"['https://images.metmuseum.org/CRDImages/ad/original/DP108648.jpg', 'https://images.metmuseum.org/CRDImages/ad/original/87927.jpg']",,The American Wing,Armchair,Armchair,American,,,,,,,,,,,,,,,,,1795–1805,1795,1805,"Mahogany, satinwood inlay, ash",38 1/4 x 22 3/4 x 17 3/8 in. (97.2 x 57.8 x 44.1 cm),"[{'elementName': 'Overall', 'elementDescription': None, 'elementMeasurements': {'Depth': 44.1326, 'Height': 97.2, 'Width': 57.8}}]","The Sylmaris Collection, Gift of George Coe Graves, 1932",Made in,New York,New York,,United States,Mid-Atlantic,,,,,,,,,2025-01-30T04:54:21.21Z,"Metropolitan Museum of Art, New York, NY",https://www.metmuseum.org/art/collection/search/257,,,False,
258,False,32.55.7,1932,False,,,[],,The American Wing,Armchair,Armchair,American,,,,,,,,,,,,,,,,,1795–1805,1795,1805,"Mahogany, satinwood inlay, ash",38 1/4 x 22 3/4 x 17 3/8 in. (97.2 x 57.8 x 44.1 cm),"[{'elementName': 'Overall', 'elementDescription': None, 'elementMeasurements': {'Depth': 44.1326, 'Height': 97.2, 'Width': 57.8}}]","The Sylmaris Collection, Gift of George Coe Graves, 1932",Made in,New York,New York,,United States,Mid-Atlantic,,,,,,,,,2021-06-22T04:40:18.937Z,"Metropolitan Museum of Art, New York, NY",https://www.metmuseum.org/art/collection/search/258,,,False,
259,False,46.67.97,1946,True,https://images.metmuseum.org/CRDImages/ad/original/138706.jpg,https://images.metmuseum.org/CRDImages/ad/web-large/138706.jpg,['https://images.metmuseum.org/CRDImages/ad/original/217172.jpg'],,The American Wing,Armchair,Armchair,American,,,,,,,,,,,,,,,,,1795–1810,1795,1810,"Mahogany, ash, cherry",36 3/4 x 23 x 18 in. (93.3 x 58.4 x 45.7 cm),"[{'elementName': 'Overall', 'elementDescription': None, 'elementMeasurements': {'Depth': 45.7201, 'Height': 93.3, 'Width': 58.4}}]","Gift of the Members of the Committee of the Bertha King Benkard Memorial Fund, 1946",Made in,New York,New York,,United States,Mid-Atlantic,,,,,,,,,2023-02-07T04:46:51.34Z,"Metropolitan Museum of Art, New York, NY",https://www.metmuseum.org/art/collection/search/259,,https://www.wikidata.org/wiki/Q116373562,False,725
260,False,46.67.98,1946,True,https://images.metmuseum.org/CRDImages/ad/original/217172.jpg,https://images.metmuseum.org/CRDImages/ad/web-large/217172.jpg,['https://images.metmuseum.org/CRDImages/ad/original/138707.jpg'],,The American Wing,Armchair,Armchair,American,,,,,,,,,,,,,,,,,1795–1810,1795,1810,"Mahogany, ash, cherry",36 3/4 x 23 x 18 in. (93.3 x 58.4 x 45.7 cm),"[{'elementName': 'Overall', 'elementDescription': None, 'elementMeasurements': {'Depth': 45.7201, 'Height': 93.3, 'Width': 58.4}}]","Gift of the Members of the Committee of the Bertha King Benkard Memorial Fund, 1946",Made in,New York,New York,,United States,Mid-Atlantic,,,,,,,,,2023-02-07T04:46:51.34Z,"Metropolitan Museum of Art, New York, NY",https://www.metmuseum.org/art/collection/search/260,,https://www.wikidata.org/wiki/Q116373559,False,725
261,False,57.130.2,1957,True,https://images.metmuseum.org/CRDImages/ad/original/DP-20187-001.jpg,https://images.metmuseum.org/CRDImages/ad/web-large/DP-20187-001.jpg,"['https://images.metmuseum.org/CRDImages/ad/original/DP-20187-002.jpg', 'https://images.metmuseum.org/CRDImages/ad/original/CT_20501.jpg', 'https://images.metmuseum.org/CRDImages/ad/original/SF571302.jpg', 'https://images.metmuseum.org/CRDImages/ad/original/ADA3876.jpg', 'https://images.metmuseum.org/CRDImages/ad/original/193948.jpg', 'https://images.metmuseum.org/CRDImages/ad/original/175094.jpg', 'https://images.metmuseum.org/CRDImages/ad/original/164122.jpg']","[{'constituentID': 1103, 'role': 'Maker', 'name': 'Attributed to John Henry Belter', 'constituentULAN_URL': 'http://vocab.getty.edu/page/ulan/500001413', 'constituentWikidata_URL': 'https://www.wikidata.org/wiki/Q46973286', 'gender': ''}, {'constituentID': 215281, 'role': 'Maker', 'name': 'or attributed to J. H. Belter &amp; Co.', 'constituentULAN_URL': '', 'constituentWikidata_URL': '', 'gender': ''}]",The American Wing,Armchair,Armchair,American,,,,,Maker,Attributed to,John Henry Belter,"American, born Germany 1804-1863 New York",,"Belter, John Henry",American,1804,1863,,https://www.wikidata.org/wiki/Q46973286,http://vocab.getty.edu/page/ulan/500001413,1850–60,1850,1860,"Rosewood, ash",50 x 26 1/2 x 23 in. (127 x 67.3 x 58.4 cm),"[{'elementName': 'Overall', 'elementDescription': None, 'elementMeasurements': {'Depth': 58.4, 'Height': 127, 'Width': 67.3101}}]","Gift of Mrs. Charles Reginald Leonard, in memory of Edgar Welch  Leonard, Robert Jarvis Leonard, and Charles Reginald Leonard, 1957",Made in,New York,New York,,United States,Mid-Atlantic,,,,,,,,,2025-01-30T04:54:21.21Z,"Metropolitan Museum of Art, New York, NY",https://www.metmuseum.org/art/collection/search/261,,https://www.wikidata.org/wiki/Q116390169,False,739
262,False,57.130.3,1957,False,,,[],"[{'constituentID': 1103, 'role': 'Maker', 'name': 'Attributed to John Henry Belter', 'constituentULAN_URL': 'http://vocab.getty.edu/page/ulan/500001413', 'constituentWikidata_URL': 'https://www.wikidata.org/wiki/Q46973286', 'gender': ''}, {'constituentID': 215281, 'role': 'Maker', 'name': 'or attributed to J. H. Belter &amp; Co.', 'constituentULAN_URL': '', 'constituentWikidata_URL': '', 'gender': ''}]",The American Wing,Armchair,Armchair,American,,,,,Maker,Attributed to,John Henry Belter,"American, born Germany 1804-1863 New York",,"Belter, John Henry",American,1804,1863,,https://www.wikidata.org/wiki/Q46973286,http://vocab.getty.edu/page/ulan/500001413,1850–60,1850,1860,"Rosewood, ash",49 1/2 x 26 1/2 x 22 1/2 in. (125.7 x 67.3 x 57.2 cm),"[{'elementName': 'Overall', 'elementDescription': None, 'elementMeasurements': {'Depth': 57.1501, 'Height': 125.7, 'Width': 67.3}}]","Gift of Mrs. Charles Reginald Leonard, in memory of Edgar Welch  Leonard, Robert Jarvis Leonard, and Charles Reginald Leonard, 1957",Made in,New York,New York,,United States,Mid-Atlantic,,,,,,,,,2023-02-07T04:46:51.34Z,"Metropolitan Museum of Art, New York, NY",https://www.metmuseum.org/art/collection/search/262,,https://www.wikidata.org/wiki/Q116390177,False,739
263,False,1971.17.1,1971,True,https://images.metmuseum.org/CRDImages/ad/original/195459.jpg,https://images.metmuseum.org/CRDImages/ad/web-large/195459.jpg,[],,The American Wing,Armchair,Square-back armchair,American,,,,,,,,,,,,,,,,,1800–1810,1800,1810,"Mahogany, cane",33 3/4 x 21 1/8 x 21 in. (85.7 x 53.7 x 53.3 cm),"[{'elementName': 'Overall', 'elementDescription': None, 'elementMeasurements': {'Depth': 53.3, 'Height': 85.7, 'Width': 53.6576}}]","Purchase, Mrs. Russell Sage Gift, 1971",Made in,Philadelphia,Pennsylvania,,United States,Mid-Atlantic,,,,,,,,,2021-06-10T04:42:27.78Z,"Metropolitan Museum of Art, New York, NY",https://www.metmuseum.org/art/collection/search/263,,,False,
264,False,1971.17.2,1971,True,https://images.metmuseum.org/CRDImages/ad/original/195460.jpg,https://images.metmuseum.org/CRDImages/ad/web-large/195460.jpg,['https://images.metmuseum.org/CRDImages/ad/original/196314.jpg'],,The American Wing,Armchair,Square-back armchair,American,,,,,,,,,,,,,,,,,1800–1810,1800,1810,Mahogany and cane,33 3/4 x 21 1/8 x 21 3/8 in. (85.7 x 53.7 x 54.3 cm),"[{'elementName': 'Overall', 'elementDescription': None, 'elementMeasurements': {'Depth': 54.2926, 'Height': 85.7, 'Width': 53.7}}]","Purchase, Mrs. Russell Sage Gift, 1970",Made in,Philadelphia,Pennsylvania,,United States,Mid-Atlantic,,,,,,,,,2021-06-10T04:42:27.78Z,"Metropolitan Museum of Art, New York, NY",https://www.metmuseum.org/art/collection/search/264,,,False,
265,False,69.262.3,1969,True,https://images.metmuseum.org/CRDImages/ad/original/ADA6429.jpg,https://images.metmuseum.org/CRDImages/ad/web-large/ADA6429.jpg,"['https://images.metmuseum.org/CRDImages/ad/original/49N_237BR2.jpg', 'https://images.metmuseum.org/CRDImages/ad/original/DT256540.jpg', 'https://images.metmuseum.org/CRDImages/ad/original/DP256699.jpg', 'https://images.metmuseum.org/CRDImages/ad/original/figure 134_24W.jpg', 'https://images.metmuseum.org/CRDImages/ad/original/193010.jpg', 'https://images.metmuseum.org/CRDImages/ad/original/ADA3042.jpg']","[{'constituentID': 1125, 'role': 'Maker', 'name': 'Auguste-Emile Rinquet-Leprince', 'constituentULAN_URL': '', 'constituentWikidata_URL': '', 'gender': ''}]",The American Wing,Armchair,Armchair,American or French,,,,,Maker,,Auguste-Emile Rinquet-Leprince,1801–1886,,"Ringuet-Leprince, Auguste-Emile",French,1801,1886,,,,ca. 1843,1838,1848,"Applewood or pearwood, ebonized walnut, beech, and gilt bronze mounts",38 1/2 x 23 1/4 x 26 1/8 in. (97.8 x 59.1 x 66.4 cm),"[{'elementName': 'Overall', 'elementDescription': None, 'elementMeasurements': {'Depth': 66.3576, 'Height': 97.8, 'Width': 59.1}}]","Gift of Mrs. Douglas Williams, 1969",Possibly made in,Paris,,,France,Île-de-France,,,,,,,,,2025-01-30T04:54:21.21Z,"Metropolitan Museum of Art, New York, NY",https://www.metmuseum.org/art/collection/search/265,,https://www.wikidata.org/wiki/Q83560011,True,774
266,False,69.262.4,1969,True,https://images.metmuseum.org/CRDImages/ad/original/ADA3042.jpg,https://images.metmuseum.org/CRDImages/ad/web-large/ADA3042.jpg,[],"[{'constituentID': 1125, 'role': 'Maker', 'name': 'Auguste-Emile Rinquet-Leprince', 'constituentULAN_URL': '', 'constituentWikidata_URL': '', 'gender': ''}]",The American Wing,Armchair,Armchair,American or French,,,,,Maker,,Auguste-Emile Rinquet-Leprince,1801–1886,,"Ringuet-Leprince, Auguste-Emile",French,1801,1886,,,,ca. 1843,1838,1848,"Applewood or pearwood, ebonized walnut, beech",38 1/2 x 23 1/4 x 26 1/8 in. (97.8 x 59.1 x 66.4 cm),"[{'elementName': 'Overall', 'elementDescription': None, 'elementMeasurements': {'Depth': 66.3576, 'Height': 97.7902, 'Width': 59.0551}}]","Gift of Mrs. Douglas Williams, 1969",Possibly made in,Paris,,,France,Île-de-France,,,,,,,,,2021-04-06T04:41:04.967Z,"Metropolitan Museum of Art, New York, NY",https://www.metmuseum.org/art/collection/search/266,,,False,
267,False,60.4.2,1960,True,https://images.metmuseum.org/CRDImages/ad/original/DP171103.jpg,https://images.metmuseum.org/CRDImages/ad/web-large/DP171103.jpg,"['https://images.metmuseum.org/CRDImages/ad/original/Plate 13R3_24C.jpg', 'https://images.metmuseum.org/CRDImages/ad/original/DP171102.jpg', 'https://images.metmuseum.org/CRDImages/ad/original/170744.jpg']","[{'constituentID': 1117, 'role': 'Maker', 'name': 'Attributed to Duncan Phyfe', 'constituentULAN_URL': 'http://vocab.getty.edu/page/ulan/500082047', 'constituentWikidata_URL': 'https://www.wikidata.org/wiki/Q3041258', 'gender': ''}]",The American Wing,Armchair,Armchair,American,,,,,Maker,Attributed to,Duncan Phyfe,"American (born Scotland), near Lock Fannich, Ross-Shire, Scotland 1768/1770–1854 New York",,"Phyfe, Duncan","American, born Scotland",1770,1854,,https://www.wikidata.org/wiki/Q3041258,http://vocab.getty.edu/page/ulan/500082047,1791–1818,1791,1818,"Primary: mahogany; Secondary: cherry (medial braces), ash or oak (stubb tenon feet).",32 7/8 x 21 1/2 x 24 3/4 in. (83.5 x 54.6 x 62.9 cm),"[{'elementName': 'Overall', 'elementDescription': None, 'elementMeasurements': {'Depth': 62.8651, 'Height': 83.5027, 'Width': 54.6101}}, {'elementName': 'Other', 'elementDescription': 'Seat', 'elementMeasurements': {'Depth': 45.4026}}, {'elementName': 'Other', 'elementDescription': 'Crest rail', 'elementMeasurements': {'Width': 44.4501}}, {'elementName': 'Other', 'elementDescription': 'Seat rail', 'elementMeasurements': {'Height': 5.715}}, {'elementName': 'Other', 'elementDescription': 'To top of seal rail', 'elementMeasurements': {'Height': 42.5451}}]","Gift of C. Ruxton Love Jr., 1960",Made in,New York,New York,,United States,Mid-Atlantic,,,,,,,,,2025-01-30T04:54:21.21Z,"Metropolitan Museum of Art, New York, NY",https://www.metmuseum.org/art/collection/search/267,,https://www.wikidata.org/wiki/Q116373556,False,728
268,False,60.4.3,1960,True,https://images.metmuseum.org/CRDImages/ad/original/DP171103.jpg,https://images.metmuseum.org/CRDImages/ad/web-large/DP171103.jpg,[],"[{'constituentID': 1117, 'role': 'Maker', 'name': 'Attributed to Duncan Phyfe', 'constituentULAN_URL': 'http://vocab.getty.edu/page/ulan/500082047', 'constituentWikidata_URL': 'https://www.wikidata.org/wiki/Q3041258', 'gender': ''}]",The American Wing,Armchair,Armchair,American,,,,,Maker,Attributed to,Duncan Phyfe,"American (born Scotland), near Lock Fannich, Ross-Shire, Scotland 1768/1770–1854 New York",,"Phyfe, Duncan","American, born Scotland",1770,1854,,https://www.wikidata.org/wiki/Q3041258,http://vocab.getty.edu/page/ulan/500082047,1810–15,1810,1815,"Mahogany, brass",32 3/4 x 20 7/8 x 17 3/4 in. (83.2 x 53 x 45.1 cm),"[{'elementName': 'Overall', 'elementDescription': None, 'elementMeasurements': {'Depth': 45.0851, 'Height': 83.2, 'Width': 53}}]","Gift of C. Ruxton Love Jr., 1960",Made in,New York,New York,,United States,Mid-Atlantic,,,,,,,,,2025-01-30T04:54:21.21Z,"Metropolitan Museum of Art, New York, NY",https://www.metmuseum.org/art/collection/search/268,,https://www.wikidata.org/wiki/Q116373557,False,728
269,False,1971.128.1,1971,True,https://images.metmuseum.org/CRDImages/ad/original/DP-20198-002.jpg,https://images.metmuseum.org/CRDImages/ad/web-large/DP-20198-002.jpg,['https://images.metmuseum.org/CRDImages/ad/original/DP-20198-001.jpg'],"[{'constituentID': 1117, 'role': 'Maker', 'name': 'Attributed to Workshop of Duncan Phyfe', 'constituentULAN_URL': 'http://vocab.getty.edu/page/ulan/500082047', 'constituentWikidata_URL': 'https://www.wikidata.org/wiki/Q3041258', 'gender': ''}]",The American Wing,Armchair,Armchair,American,,,,,Maker,Attributed to Workshop of,Duncan Phyfe,"American (born Scotland), near Lock Fannich, Ross-Shire, Scotland 1768/1770–1854 New York",,"Phyfe, Duncan","American, born Scotland",1770,1854,,https://www.wikidata.org/wiki/Q3041258,http://vocab.getty.edu/page/ulan/500082047,1830–35,1830,1835,"Mahogany, cherry, ash",38 x 21 1/4 x 25 1/2 in. (96.5 x 54 x 64.8 cm),"[{'elementName': 'Overall', 'elementDescription': None, 'elementMeasurements': {'Depth': 64.7701, 'Height': 96.5, 'Width': 54}}]","Gift of Mrs. Alfred Joltin, in memory of Ida Louise Opdycke, 1971",Made in,New York,New York,,United States,Mid-Atlantic,,,,,,,,,2025-01-30T04:54:21.21Z,"Metropolitan Museum of Art, New York, NY",https://www.metmuseum.org/art/collection/search/269,,https://www.wikidata.org/wiki/Q116390180,False,738
270,False,1971.128.2,1971,True,https://images.metmuseum.org/CRDImages/ad/original/DP-20199-002.jpg,https://images.metmuseum.org/CRDImages/ad/web-large/DP-20199-002.jpg,"['https://images.metmuseum.org/CRDImages/ad/original/DP-20199-001.jpg', 'https://images.metmuseum.org/CRDImages/ad/original/196317.jpg']","[{'constituentID': 1117, 'role': 'Maker', 'name': 'Attributed to Workshop of Duncan Phyfe', 'constituentULAN_URL': 'http://vocab.getty.edu/page/ulan/500082047', 'constituentWikidata_URL': 'https://www.wikidata.org/wiki/Q3041258', 'gender': ''}]",The American Wing,Armchair,Armchair,American,,,,,Maker,Attributed to Workshop of,Duncan Phyfe,"American (born Scotland), near Lock Fannich, Ross-Shire, Scotland 1768/1770–1854 New York",,"Phyfe, Duncan","American, born Scotland",1770,1854,,https://www.wikidata.org/wiki/Q3041258,http://vocab.getty.edu/page/ulan/500082047,1830–35,1830,1835,"Mahogany, cherry, ash",38 x 21 1/4 x 25 5/16 in. (96.5 x 54 x 64.3 cm),"[{'elementName': 'Overall', 'elementDescription': None, 'elementMeasurements': {'Depth': 64.2939, 'Height': 96.5, 'Width': 54}}]","Gift of Mrs. Alfred Joltin, in memory of Ida Louise Opdycke, 1971",Made in,New York,New York,,United States,Mid-Atlantic,,,,,,,,,2025-01-30T04:54:21.21Z,"Metropolitan Museum of Art, New York, NY",https://www.metmuseum.org/art/collection/search/270,,https://www.wikidata.org/wiki/Q116390184,False,738
271,False,1980.326.1,1980,False,,,[],"[{'constituentID': 163814, 'role': 'Maker', 'name': 'Pottier and Stymus Manufacturing Company', 'constituentULAN_URL': 'http://vocab.getty.edu/page/ulan/500330539', 'constituentWikidata_URL': 'https://www.wikidata.org/wiki/Q2106610', 'gender': ''}]",The American Wing,Armchair,Child's Armchair,American,,,,,Maker,,Pottier and Stymus Manufacturing Company,active ca. 1858–1918/19,,Pottier and Stymus Manufacturing Company,,1858,1919,,https://www.wikidata.org/wiki/Q2106610,http://vocab.getty.edu/page/ulan/500330539,1870–75,1870,1875,"Ebonized walnut, gilt",27 x 18 x 15 1/4 in. (68.6 x 45.7 x 38.7 cm),"[{'elementName': 'Overall', 'elementDescription': None, 'elementMeasurements': {'Depth': 38.7351, 'Height': 68.6, 'Width': 45.7}}]","Gift of Dean K. Boorman, in memory of Mrs. Bashford Dean, 1980",Made in,New York,New York,,United States,Mid-Atlantic,,,,,,,,,2023-03-24T04:47:22.74Z,"Metropolitan Museum of Art, New York, NY",https://www.metmuseum.org/art/collection/search/271,,https://www.wikidata.org/wiki/Q116390189,False,774
272,False,1980.326.2,1980,False,,,[],"[{'constituentID': 163814, 'role': 'Maker', 'name': 'Pottier and Stymus Manufacturing Company', 'constituentULAN_URL': 'http://vocab.getty.edu/page/ulan/500330539', 'constituentWikidata_URL': 'https://www.wikidata.org/wiki/Q2106610', 'gender': ''}]",The American Wing,Armchair,Child's Armchair,American,,,,,Maker,,Pottier and Stymus Manufacturing Company,active ca. 1858–1918/19,,Pottier and Stymus Manufacturing Company,,1858,1919,,https://www.wikidata.org/wiki/Q2106610,http://vocab.getty.edu/page/ulan/500330539,1870–75,1870,1875,"Ebonized walnut, gilt",27 x 18 x 15 1/4 in. (68.6 x 45.7 x 38.7 cm),"[{'elementName': 'Overall', 'elementDescription': None, 'elementMeasurements': {'Depth': 38.7351, 'Height': 68.6, 'Width': 45.7}}]","Gift of Dean K. Boorman, in memory of Mrs. Bashford Dean, 1980",Made in,New York,New York,,United States,Mid-Atlantic,,,,,,,,,2023-03-24T04:47:22.74Z,"Metropolitan Museum of Art, New York, NY",https://www.metmuseum.org/art/collection/search/272,,https://www.wikidata.org/wiki/Q116390193,False,774
273,False,68.214.2,1968,False,,,[],"[{'constituentID': 1126, 'role': 'Maker', 'name': 'Tobey Furniture Company', 'constituentULAN_URL': 'http://vocab.getty.edu/page/ulan/500267871', 'constituentWikidata_URL': 'https://www.wikidata.org/wiki/Q99632136', 'gender': ''}]",The American Wing,Armchair,Armchair,American,,,,,Maker,,Tobey Furniture Company,1875–1954,,Tobey Furniture Company,American,1875,1954,,https://www.wikidata.org/wiki/Q99632136,http://vocab.getty.edu/page/ulan/500267871,ca. 1890,1887,1890,Cherry,46 3/8 x 24 3/4 x 25 3/4 in. (117.8 x 62.9 x 65.4 cm),"[{'elementName': 'Overall', 'elementDescription': None, 'elementMeasurements': {'Depth': 65.4051, 'Height': 117.8, 'Width': 62.9}}]","Gift of Mrs. Frank W. McCabe, 1968",Made in,Chicago,Illinois,,United States,Midwest,,,,,,,,,2023-02-07T04:46:51.34Z,"Metropolitan Museum of Art, New York, NY",https://www.metmuseum.org/art/collection/search/273,,https://www.wikidata.org/wiki/Q116373554,False,774
274,False,68.214.3,1968,False,,,[],"[{'constituentID': 1126, 'role': 'Maker', 'name': 'Tobey Furniture Company', 'constituentULAN_URL': 'http://vocab.getty.edu/page/ulan/500267871', 'constituentWikidata_URL': 'https://www.wikidata.org/wiki/Q99632136', 'gender': ''}]",The American Wing,Armchair,Armchair,American,,,,,Maker,,Tobey Furniture Company,1875–1954,,Tobey Furniture Company,American,1875,1954,,https://www.wikidata.org/wiki/Q99632136,http://vocab.getty.edu/page/ulan/500267871,ca. 1890,1887,1890,Cherry,46 3/8 x 24 3/4 x 25 3/4 in. (117.8 x 62.9 x 65.4 cm),"[{'elementName': 'Overall', 'elementDescription': None, 'elementMeasurements': {'Depth': 65.4051, 'Height': 117.8, 'Width': 62.9}}]","Gift of Mrs. Frank W. McCabe, 1968",Made in,Chicago,Illinois,,United States,Midwest,,,,,,,,,2022-08-13T04:53:46.75Z,"Metropolitan Museum of Art, New York, NY",https://www.metmuseum.org/art/collection/search/274,,,False,
275,False,1972.60.4,1972,False,,,[],"[{'constituentID': 162765, 'role': 'Maker', 'name': 'Frank Lloyd Wright', 'constituentULAN_URL': 'http://vocab.getty.edu/page/ulan/500020307', 'constituentWikidata_URL': 'https://www.wikidata.org/wiki/Q5604', 'gender': ''}]",The American Wing,Armchair,Armchair,American,,,,,Maker,,Frank Lloyd Wright,"American, Richland Center, Wisconsin 1867–1959 Phoenix, Arizona",,"Wright, Frank Lloyd",American,1867,1959,,https://www.wikidata.org/wiki/Q5604,http://vocab.getty.edu/page/ulan/500020307,ca. 1902–3,1899,1903,"White oak, wool",33 1/4 x 37 x 29 in. (84.5 x 94 x 73.7 cm),"[{'elementName': 'Overall', 'elementDescription': None, 'elementMeasurements': {'Depth': 73.6601, 'Height': 84.5, 'Width': 94}}]","Purchase, Emily Crane Chadbourne Bequest, 1972",Made in,,,,United States,Midwest,,,,,,,"© 2025 Artists Rights Society (ARS), New York",,2025-01-30T04:54:21.21Z,"Metropolitan Museum of Art, New York, NY",https://www.metmuseum.org/art/collection/search/275,,https://www.wikidata.org/wiki/Q83560013,True,745
276,False,1972.60.5,1972,False,,,[],"[{'constituentID': 162765, 'role': 'Maker', 'name': 'Frank Lloyd Wright', 'constituentULAN_URL': 'http://vocab.getty.edu/page/ulan/500020307', 'constituentWikidata_URL': 'https://www.wikidata.org/wiki/Q5604', 'gender': ''}]",The American Wing,Armchair,Armchair,American,,,,,Maker,,Frank Lloyd Wright,"American, Richland Center, Wisconsin 1867–1959 Phoenix, Arizona",,"Wright, Frank Lloyd",American,1867,1959,,https://www.wikidata.org/wiki/Q5604,http://vocab.getty.edu/page/ulan/500020307,ca. 1902–3,1899,1903,"White oak, wool",33 1/4 x 37 x 29 in. (84.5 x 94 x 73.7 cm),"[{'elementName': 'Overall', 'elementDescription': None, 'elementMeasurements': {'Depth': 73.6601, 'Height': 84.5, 'Width': 94}}]","Purchase, Emily Crane Chadbourne Bequest, 1972",Made in,,,,United States,Midwest,,,,,,,"© 2025 Artists Rights Society (ARS), New York",,2025-01-03T04:53:06.337Z,"Metropolitan Museum of Art, New York, NY",https://www.metmuseum.org/art/collection/search/276,,https://www.wikidata.org/wiki/Q116390198,False,745
277,False,1972.60.6,1972,False,,,[],"[{'constituentID': 162765, 'role': 'Maker', 'name': 'Frank Lloyd Wright', 'constituentULAN_URL': 'http://vocab.getty.edu/page/ulan/500020307', 'constituentWikidata_URL': 'https://www.wikidata.org/wiki/Q5604', 'gender': ''}]",The American Wing,Armchair,Armchair,American,,,,,Maker,,Frank Lloyd Wright,"American, Richland Center, Wisconsin 1867–1959 Phoenix, Arizona",,"Wright, Frank Lloyd",American,1867,1959,,https://www.wikidata.org/wiki/Q5604,http://vocab.getty.edu/page/ulan/500020307,ca. 1902–3,1899,1903,"White oak, wool",33 1/4 x 37 x 29 in. (84.5 x 94 x 73.7 cm),"[{'elementName': 'Overall', 'elementDescription': None, 'elementMeasurements': {'Depth': 73.6601, 'Height': 84.5, 'Width': 94}}]","Purchase, Emily Crane Chadbourne Bequest, 1972",Made in,,,,United States,Midwest,,,,,,,"© 2025 Artists Rights Society (ARS), New York",,2025-01-30T04:54:21.21Z,"Metropolitan Museum of Art, New York, NY",https://www.metmuseum.org/art/collection/search/277,,https://www.wikidata.org/wiki/Q116390205,False,745
278,False,1972.60.7,1972,False,,,[],"[{'constituentID': 162765, 'role': 'Maker', 'name': 'Frank Lloyd Wright', 'constituentULAN_URL': 'http://vocab.getty.edu/page/ulan/500020307', 'constituentWikidata_URL': 'https://www.wikidata.org/wiki/Q5604', 'gender': ''}]",The American Wing,Armchair,Armchair,American,,,,,Maker,,Frank Lloyd Wright,"American, Richland Center, Wisconsin 1867–1959 Phoenix, Arizona",,"Wright, Frank Lloyd",American,1867,1959,,https://www.wikidata.org/wiki/Q5604,http://vocab.getty.edu/page/ulan/500020307,ca. 1902–3,1899,1903,"White oak, wool",33 1/4 x 37 x 29 in. (84.5 x 94 x 73.7 cm),"[{'elementName': 'Overall', 'elementDescription': None, 'elementMeasurements': {'Depth': 73.6601, 'Height': 84.5, 'Width': 94}}]","Purchase, Emily Crane Chadbourne Bequest, 1972",Made in,,,,United States,Midwest,,,,,,,"© 2025 Artists Rights Society (ARS), New York",,2025-01-03T04:53:06.337Z,"Metropolitan Museum of Art, New York, NY",https://www.metmuseum.org/art/collection/search/278,,https://www.wikidata.org/wiki/Q116390208,False,745
279,False,Inst.X.6.1,,False,,,[],,The American Wing,Furniture hardware,Furniture Hardware,,,,,,,,,,,,,,,,,,19th century,1800,1900,Brass,Dimensions unavailable,,Museum Accession,,,,,,,,,,,,,,,2021-04-06T04:41:04.967Z,"Metropolitan Museum of Art, New York, NY",https://www.metmuseum.org/art/collection/search/279,,,False,
280,False,68.111.1,1968,True,https://images.metmuseum.org/CRDImages/ad/original/189872.jpg,https://images.metmuseum.org/CRDImages/ad/web-large/189872.jpg,[],"[{'constituentID': 162880, 'role': 'Maker', 'name': 'Archer and Warner', 'constituentULAN_URL': '', 'constituentWikidata_URL': '', 'gender': ''}]",The American Wing,Astral lamp,Astral Lamp,American,,,,,Maker,,Archer and Warner,"American, Philadelphia, Pennsylvania",,Archer and Warner,American,,,,,,ca. 1855,1852,1855,"Brass, glass",21 1/2 x 9 3/4 in. (54.6 x 24.8 cm),"[{'elementName': 'Overall', 'elementDescription': None, 'elementMeasurements': {'Depth': 24.765, 'Height': 54.6}}]","Purchase, Anonymous Gift, 1968",Made in,Philadelphia,Pennsylvania,,United States,Mid-Atlantic,,,,,,,,,2023-02-07T04:46:51.34Z,"Metropolitan Museum of Art, New York, NY",https://www.metmuseum.org/art/collection/search/280,,https://www.wikidata.org/wiki/Q116373549,False,774
281,False,68.111.2,1968,False,,,[],"[{'constituentID': 1128, 'role': 'Maker', 'name': 'Possibly Henry N. Hooper', 'constituentULAN_URL': '', 'constituentWikidata_URL': '', 'gender': ''}]",The American Wing,Astral lamp,Astral Lamp,American,,,,,Maker,Possibly,Henry N. Hooper,,,"Hooper, Henry N.",American,,9999,,,,ca. 1860,1857,1860,"Bronze, glass",H. 26 1/4 in. (66.7 cm); Diam. 9 1/2 in. (24.1 cm),"[{'elementName': 'Other', 'elementDescription': None, 'elementMeasurements': {'Diameter': 24.13, 'Height': 66.6751}}]","Purchase, Anonymous Gift, 1968",Probably made in,Boston,Massachusetts,,United States,New England,,,,,,,,,2023-02-07T04:46:51.34Z,"Metropolitan Museum of Art, New York, NY",https://www.metmuseum.org/art/collection/search/281,,https://www.wikidata.org/wiki/Q116373539,False,774
282,True,25.173a–o,1925,False,,,[],"[{'constituentID': 162541, 'role': 'Maker', 'name': 'Tiffany Studios', 'constituentULAN_URL': 'http://vocab.getty.edu/page/ulan/500331813', 'constituentWikidata_URL': 'https://www.wikidata.org/wiki/Q19587243', 'gender': ''}, {'constituentID': 3530, 'role': 'Designer', 'name': 'Attributed to Agnes F. Northrop', 'constituentULAN_URL': '(not assigned)', 'constituentWikidata_URL': 'https://www.wikidata.org/wiki/Q102156729', 'gender': 'Female'}]",The American Wing,Window,Autumn Landscape,American,,,,,Maker,,Tiffany Studios,1902–32,,Tiffany Studios,,1902,1932,,https://www.wikidata.org/wiki/Q19587243,http://vocab.getty.edu/page/ulan/500331813,1923–24,1923,1924,Leaded Favrile glass,132 x 102 in. (335.3 x 259.1 cm),"[{'elementName': 'Overall', 'elementDescription': None, 'elementMeasurements': {'Height': 335.3, 'Width': 259.1}}]","Gift of Robert W. de Forest, 1925",Made in,,,,,,,,,,,,,,2025-01-30T04:54:21.21Z,"Metropolitan Museum of Art, New York, NY",https://www.metmuseum.org/art/collection/search/282,"[{'term': 'Windows', 'AAT_URL': 'http://vocab.getty.edu/page/aat/300002944', 'Wikidata_URL': 'https://www.wikidata.org/wiki/Q35473'}, {'term': 'Waterfalls', 'AAT_URL': 'http://vocab.getty.edu/page/aat/300008736', 'Wikidata_URL': 'https://www.wikidata.org/wiki/Q34038'}, {'term': 'Landscapes', 'AAT_URL': 'http://vocab.getty.edu/page/aat/300132294', 'Wikidata_URL': 'https://www.wikidata.org/wiki/Q191163'}, {'term': 'Autumn', 'AAT_URL': 'http://vocab.getty.edu/page/aat/300133093', 'Wikidata_URL': 'https://www.wikidata.org/wiki/Q1314'}]",https://www.wikidata.org/wiki/Q83560015,True,700
283,False,1982.287a–c,1982,True,https://images.metmuseum.org/CRDImages/ad/original/DT261964.jpg,https://images.metmuseum.org/CRDImages/ad/web-large/DT261964.jpg,['https://images.metmuseum.org/CRDImages/ad/original/235453.jpg'],,The American Wing,Aviary,Aviary,American,,,,,,,,,,,,,,,,,ca. 1850–60,1847,1860,"Wool, twigs, moss, brass, glass",H. 29 1/2 in. (74.9 cm); Diam. 16 3/4 in. (42.5 cm),"[{'elementName': 'Other', 'elementDescription': None, 'elementMeasurements': {'Diameter': 42.5451, 'Height': 74.9301}}]","Friends of the American Wing Fund, 1982",Made in,,Pennsylvania,,United States,Mid-Atlantic,,,,,,,,,2025-01-30T04:54:21.21Z,"Metropolitan Museum of Art, New York, NY",https://www.metmuseum.org/art/collection/search/283,"[{'term': 'Birds', 'AAT_URL': 'http://vocab.getty.edu/page/aat/300266506', 'Wikidata_URL': 'https://www.wikidata.org/wiki/Q5113'}, {'term': 'Plants', 'AAT_URL': 'http://vocab.getty.edu/page/aat/300132360', 'Wikidata_URL': 'https://www.wikidata.org/wiki/Q756'}]",https://www.wikidata.org/wiki/Q116373536,False,739
284,False,47.90.159,1947,True,https://images.metmuseum.org/CRDImages/ad/original/140906.jpg,https://images.metmuseum.org/CRDImages/ad/web-large/140906.jpg,[],,The American Wing,Figure,Figure of a Baby in a Cradle Holding a Kitten,American,,,,,,,,,,,,,,,,,1830–70,1830,1870,Parian porcelain,4 3/8 x 6 1/2 x 3 1/8 in. (11.1 x 16.5 x 7.9 cm),"[{'elementName': 'Overall', 'elementDescription': None, 'elementMeasurements': {'Depth': 7.9, 'Height': 11.1, 'Width': 16.5}}]","Gift of Dr. Charles W. Green, 1947",Probably made in,Bennington,Vermont,,United States,New England,,,,,,,,,2023-02-07T04:46:51.34Z,"Metropolitan Museum of Art, New York, NY",https://www.metmuseum.org/art/collection/search/284,"[{'term': 'Infants', 'AAT_URL': 'http://vocab.getty.edu/page/aat/300189561', 'Wikidata_URL': 'https://www.wikidata.org/wiki/Q998'}, {'term': 'Cats', 'AAT_URL': 'http://vocab.getty.edu/page/aat/300265960', 'Wikidata_URL': 'https://www.wikidata.org/wiki/Q146'}, {'term': 'Cradles', 'AAT_URL': 'http://vocab.getty.edu/page/aat/300038847', 'Wikidata_URL': 'https://www.wikidata.org/wiki/Q412770'}]",https://www.wikidata.org/wiki/Q116373534,False,774
285,False,"43.162.7a, b",1943,True,https://images.metmuseum.org/CRDImages/ad/original/131996.jpg,https://images.metmuseum.org/CRDImages/ad/web-large/131996.jpg,[],"[{'constituentID': 1130, 'role': 'Maker', 'name': 'Thomas Danforth Boardman', 'constituentULAN_URL': 'http://vocab.getty.edu/page/ulan/500334231', 'constituentWikidata_URL': 'https://www.wikidata.org/wiki/Q82160313', 'gender': ''}]",The American Wing,Baby's bottle,Baby's Bottle,American,,,,,Maker,,Thomas Danforth Boardman,1784–1873,,"Boardman, Thomas Danforth",American,1784,1873,,https://www.wikidata.org/wiki/Q82160313,http://vocab.getty.edu/page/ulan/500334231,1810–50,1810,1850,Pewter,H. 6 1/2 in. (16.5 cm),"[{'elementName': 'Overall', 'elementDescription': None, 'elementMeasurements': {'Height': 16.51}}]","Gift of Joseph France, 1943",Made in,Hartford,Connecticut,,United States,New England,,,,,,,,,2023-02-07T04:46:51.34Z,"Metropolitan Museum of Art, New York, NY",https://www.metmuseum.org/art/collection/search/285,,https://www.wikidata.org/wiki/Q116373518,False,774
287,False,Inst.68.8.41,1968,True,https://images.metmuseum.org/CRDImages/ad/original/ADA6275.jpg,https://images.metmuseum.org/CRDImages/ad/web-large/ADA6275.jpg,[],"[{'constituentID': 1131, 'role': 'Retailer', 'name': 'Henry Kellam Hancock', 'constituentULAN_URL': '', 'constituentWikidata_URL': '', 'gender': ''}]",The American Wing,Furniture hardware,Furniture Hardware,,,,,,Retailer,,Henry Kellam Hancock,1816–1851,,"Hancock, Henry Kellam",,1816,1851,,,,1820–30,1820,1830,Gilt brass,Diam. 2 1/2 in. (6.4 cm),"[{'elementName': 'Other', 'elementDescription': 'Object diameter', 'elementMeasurements': {'Diameter': 6.35}}]","Gift of Mrs. Edward Hunting Smith, 1968",Possibly made in,,,,France,,,,,,,,,,2023-02-07T04:46:51.34Z,"Metropolitan Museum of Art, New York, NY",https://www.metmuseum.org/art/collection/search/287,,https://www.wikidata.org/wiki/Q116373519,False,774
288,False,Inst.68.8.42,1968,True,https://images.metmuseum.org/CRDImages/ad/original/ADA6275.jpg,https://images.metmuseum.org/CRDImages/ad/web-large/ADA6275.jpg,[],"[{'constituentID': 1131, 'role': 'Retailer', 'name': 'Henry Kellam Hancock', 'constituentULAN_URL': '', 'constituentWikidata_URL': '', 'gender': ''}]",The American Wing,Furniture hardware,Furniture Hardware,,,,,,Retailer,,Henry Kellam Hancock,1816–1851,,"Hancock, Henry Kellam",,1816,1851,,,,1820–30,1820,1830,Gilt brass,Diam. 2 in. (5.1 cm),"[{'elementName': 'Other', 'elementDescription': 'Object diameter', 'elementMeasurements': {'Diameter': 5.08}}]","Gift of Mrs. Edward Hunting Smith, 1968",Possibly made in,,,,France,,,,,,,,,,2023-02-07T04:46:51.34Z,"Metropolitan Museum of Art, New York, NY",https://www.metmuseum.org/art/collection/search/288,,https://www.wikidata.org/wiki/Q116373520,False,774
289,False,Inst.68.8.43,1968,True,https://images.metmuseum.org/CRDImages/ad/original/ADA6275.jpg,https://images.metmuseum.org/CRDImages/ad/web-large/ADA6275.jpg,[],"[{'constituentID': 1131, 'role': 'Retailer', 'name': 'Henry Kellam Hancock', 'constituentULAN_URL': '', 'constituentWikidata_URL': '', 'gender': ''}]",The American Wing,Furniture hardware,Furniture Hardware,,,,,,Retailer,,Henry Kellam Hancock,1816–1851,,"Hancock, Henry Kellam",,1816,1851,,,,1820–30,1820,1830,Gilt brass,Diam. 2 1/8 in. (5.4 cm),"[{'elementName': 'Other', 'elementDescription': 'Object diameter', 'elementMeasurements': {'Diameter': 5.3975}}]","Gift of Mrs. Edward Hunting Smith, 1968",Possibly made in,,,,France,,,,,,,,,,2023-02-07T04:46:51.34Z,"Metropolitan Museum of Art, New York, NY",https://www.metmuseum.org/art/collection/search/289,,https://www.wikidata.org/wiki/Q116373521,False,774
290,False,Inst.68.8.44,1968,True,https://images.metmuseum.org/CRDImages/ad/original/ADA6275.jpg,https://images.metmuseum.org/CRDImages/ad/web-large/ADA6275.jpg,[],"[{'constituentID': 1131, 'role': 'Retailer', 'name': 'Henry Kellam Hancock', 'constituentULAN_URL': '', 'constituentWikidata_URL': '', 'gender': ''}]",The American Wing,Furniture hardware,Furniture Hardware,,,,,,Retailer,,Henry Kellam Hancock,1816–1851,,"Hancock, Henry Kellam",,1816,1851,,,,1820–30,1820,1830,Gilt brass,Diam. 1 3/4 in. (4.4 cm),"[{'elementName': 'Other', 'elementDescription': 'Object diameter', 'elementMeasurements': {'Diameter': 4.445}}]","Gift of Mrs. Edward Hunting Smith, 1968",Possibly made in,,,,France,,,,,,,,,,2023-02-07T04:46:51.34Z,"Metropolitan Museum of Art, New York, NY",https://www.metmuseum.org/art/collection/search/290,,https://www.wikidata.org/wiki/Q116373523,False,774
291,False,Inst.68.8.45,1968,True,https://images.metmuseum.org/CRDImages/ad/original/ADA6275.jpg,https://images.metmuseum.org/CRDImages/ad/web-large/ADA6275.jpg,[],"[{'constituentID': 1131, 'role': 'Retailer', 'name': 'Henry Kellam Hancock', 'constituentULAN_URL': '', 'constituentWikidata_URL': '', 'gender': ''}]",The American Wing,Furniture hardware,Furniture Hardware,,,,,,Retailer,,Henry Kellam Hancock,1816–1851,,"Hancock, Henry Kellam",,1816,1851,,,,1820–30,1820,1830,Gilt brass,Diam. 1 5/8 in. (4.1 cm),"[{'elementName': 'Other', 'elementDescription': 'Object diameter', 'elementMeasurements': {'Diameter': 4.1275}}]","Gift of Mrs. Edward Hunting Smith, 1968",Possibly made in,,,,France,,,,,,,,,,2023-02-07T04:46:51.34Z,"Metropolitan Museum of Art, New York, NY",https://www.metmuseum.org/art/collection/search/291,,https://www.wikidata.org/wiki/Q116373524,False,774
292,False,Inst.68.8.46,1968,True,https://images.metmuseum.org/CRDImages/ad/original/ADA6275.jpg,https://images.metmuseum.org/CRDImages/ad/web-large/ADA6275.jpg,[],"[{'constituentID': 1131, 'role': 'Retailer', 'name': 'Henry Kellam Hancock', 'constituentULAN_URL': '', 'constituentWikidata_URL': '', 'gender': ''}]",The American Wing,Furniture hardware,Furniture Hardware,,,,,,Retailer,,Henry Kellam Hancock,1816–1851,,"Hancock, Henry Kellam",,1816,1851,,,,1820–30,1820,1830,Gilt brass,Diam. 1 5/16 in. (3.3 cm),"[{'elementName': 'Other', 'elementDescription': 'Object diameter', 'elementMeasurements': {'Diameter': 3.3338}}]","Gift of Mrs. Edward Hunting Smith, 1968",Possibly made in,,,,France,,,,,,,,,,2021-04-06T04:41:04.967Z,"Metropolitan Museum of Art, New York, NY",https://www.metmuseum.org/art/collection/search/292,,,False,
293,False,Inst.68.8.53,1968,True,https://images.metmuseum.org/CRDImages/ad/original/ADA6275.jpg,https://images.metmuseum.org/CRDImages/ad/web-large/ADA6275.jpg,[],"[{'constituentID': 1131, 'role': 'Retailer', 'name': 'Henry Kellam Hancock', 'constituentULAN_URL': '', 'constituentWikidata_URL': '', 'gender': ''}]",The American Wing,Furniture hardware,Furniture Hardware,,,,,,Retailer,,Henry Kellam Hancock,1816–1851,,"Hancock, Henry Kellam",,1816,1851,,,,1820–30,1820,1830,Gilt brass,Diam. 1 1/8 in. (2.9 cm),"[{'elementName': 'Other', 'elementDescription': 'Object diameter', 'elementMeasurements': {'Diameter': 2.8575}}]","Gift of Mrs. Edward Hunting Smith, 1968",Possibly made in,,,,France,,,,,,,,,,2023-02-07T04:46:51.34Z,"Metropolitan Museum of Art, New York, NY",https://www.metmuseum.org/art/collection/search/293,,https://www.wikidata.org/wiki/Q116373526,False,774
294,False,Inst.68.8.54,1968,False,,,[],"[{'constituentID': 1131, 'role': 'Retailer', 'name': 'Henry Kellam Hancock', 'constituentULAN_URL': '', 'constituentWikidata_URL': '', 'gender': ''}]",The American Wing,Furniture hardware,Furniture Hardware,,,,,,Retailer,,Henry Kellam Hancock,1816–1851,,"Hancock, Henry Kellam",,1816,1851,,,,1820–30,1820,1830,Gilt brass,Diam. 1 1/8 in. (2.9 cm),"[{'elementName': 'Other', 'elementDescription': 'Object diameter', 'elementMeasurements': {'Diameter': 2.8575}}]","Gift of Mrs. Edward Hunting Smith, 1968",Possibly made in,,,,France,,,,,,,,,,2023-02-07T04:46:51.34Z,"Metropolitan Museum of Art, New York, NY",https://www.metmuseum.org/art/collection/search/294,,https://www.wikidata.org/wiki/Q116390209,False,774
295,False,"Inst.68.8.31a, b",1968,True,https://images.metmuseum.org/CRDImages/ad/original/ADA2737.jpg,https://images.metmuseum.org/CRDImages/ad/web-large/ADA2737.jpg,[],"[{'constituentID': 1131, 'role': 'Retailer', 'name': 'Henry Kellam Hancock', 'constituentULAN_URL': '', 'constituentWikidata_URL': '', 'gender': ''}]",The American Wing,Furniture hardware,Furniture Hardware,,,,,,Retailer,,Henry Kellam Hancock,1816–1851,,"Hancock, Henry Kellam",,1816,1851,,,,1820–30,1820,1830,Gilt brass,"Backplate: 4 7/8 x 4 1/4 in. (12.4 x 10.8 cm)
Ring pull: Diam. 3 1/4 in. (8.3 cm)","[{'elementName': 'Other', 'elementDescription': 'Ring pull', 'elementMeasurements': {'Diameter': 8.255}}, {'elementName': 'Overall', 'elementDescription': 'Backplate', 'elementMeasurements': {'Height': 12.3825, 'Width': 10.795}}]","Gift of Mrs. Edward Hunting Smith, 1968",Possibly made in,,,,France,,,,,,,,,,2023-02-07T04:46:51.34Z,"Metropolitan Museum of Art, New York, NY",https://www.metmuseum.org/art/collection/search/295,,https://www.wikidata.org/wiki/Q116373503,False,774
296,False,"Inst.68.8.32a, b",1968,True,https://images.metmuseum.org/CRDImages/ad/original/ADA6274.jpg,https://images.metmuseum.org/CRDImages/ad/web-large/ADA6274.jpg,[],"[{'constituentID': 1131, 'role': 'Retailer', 'name': 'Henry Kellam Hancock', 'constituentULAN_URL': '', 'constituentWikidata_URL': '', 'gender': ''}]",The American Wing,Furniture hardware,Furniture Hardware,,,,,,Retailer,,Henry Kellam Hancock,1816–1851,,"Hancock, Henry Kellam",,1816,1851,,,,1820–30,1820,1830,Gilt brass,"Backplate: Diam. 2 3/4 in. (7 cm)
Ring pull: Diam. 2 1/4 in. (5.7 cm)","[{'elementName': 'Other', 'elementDescription': 'Ring pull', 'elementMeasurements': {'Diameter': 5.715}}, {'elementName': 'Other', 'elementDescription': 'Backplate', 'elementMeasurements': {'Diameter': 6.985}}]","Gift of Mrs. Edward Hunting Smith, 1968",Possibly made in,,,,France,,,,,,,,,,2023-02-07T04:46:51.34Z,"Metropolitan Museum of Art, New York, NY",https://www.metmuseum.org/art/collection/search/296,,https://www.wikidata.org/wiki/Q116373512,False,774
297,False,"Inst.68.8.33a, b",1968,True,https://images.metmuseum.org/CRDImages/ad/original/DP232791.jpg,https://images.metmuseum.org/CRDImages/ad/web-large/DP232791.jpg,"['https://images.metmuseum.org/CRDImages/ad/original/ADA6274.jpg', 'https://images.metmuseum.org/CRDImages/ad/original/DP239270.jpg']","[{'constituentID': 1131, 'role': 'Retailer', 'name': 'Henry Kellam Hancock', 'constituentULAN_URL': '', 'constituentWikidata_URL': '', 'gender': ''}]",The American Wing,Furniture hardware,Furniture Hardware,,,,,,Retailer,,Henry Kellam Hancock,1816–1851,,"Hancock, Henry Kellam",,1816,1851,,,,1820–30,1820,1830,Gilt brass,"Backplate: Diam. 2 7/8 in. (7.3 cm)
Ring pull: Diam. 1 7/8 in. (4.8 cm)","[{'elementName': 'Other', 'elementDescription': 'Ring pull', 'elementMeasurements': {'Diameter': 4.7625}}, {'elementName': 'Other', 'elementDescription': 'Backplate', 'elementMeasurements': {'Diameter': 7.3025}}]","Gift of Mrs. Edward Hunting Smith, 1968",Possibly made in,,,,France,,,,,,,,,,2025-01-30T04:54:21.21Z,"Metropolitan Museum of Art, New York, NY",https://www.metmuseum.org/art/collection/search/297,,https://www.wikidata.org/wiki/Q116373498,False,774
298,False,"35.46a, b",1935,True,https://images.metmuseum.org/CRDImages/ad/original/DP272616.jpg,https://images.metmuseum.org/CRDImages/ad/web-large/DP272616.jpg,['https://images.metmuseum.org/CRDImages/ad/original/DP274015.jpg'],"[{'constituentID': 1132, 'role': 'Designer', 'name': 'Designed by Pierre Charles L&#39;Enfant', 'constituentULAN_URL': 'http://vocab.getty.edu/page/ulan/500011763', 'constituentWikidata_URL': 'https://www.wikidata.org/wiki/Q264764', 'gender': ''}]",The American Wing,Badge,Badge of the Cincinnati Medal,,,,,,Designer,Designed by,Pierre Charles L'Enfant,1754–1825,,"L'Enfant, Pierre Charles",,1754,1825,,https://www.wikidata.org/wiki/Q264764,http://vocab.getty.edu/page/ulan/500011763,ca. 1783,1780,1783,Gold,L. 2 in. (5.1 cm),"[{'elementName': 'Overall', 'elementDescription': None, 'elementMeasurements': {'Length': 5.08}}]","Rogers Fund, 1935",Made in,Paris,,,France,Île-de-France,,,,,,,,,2025-01-30T04:54:21.21Z,"Metropolitan Museum of Art, New York, NY",https://www.metmuseum.org/art/collection/search/298,"[{'term': 'Eagles', 'AAT_URL': 'http://vocab.getty.edu/page/aat/300250049', 'Wikidata_URL': 'https://www.wikidata.org/wiki/Q2092297'}]",https://www.wikidata.org/wiki/Q116373497,True,704
299,False,34.100.222,1934,True,https://images.metmuseum.org/CRDImages/ad/original/DP259099.jpg,https://images.metmuseum.org/CRDImages/ad/web-large/DP259099.jpg,['https://images.metmuseum.org/CRDImages/ad/original/98443.jpg'],,The American Wing,Baking dish,Baking Dish,American,,,,,,,,,,,,,,,,,1800–1830,1800,1830,Earthenware,H. 3 3/4 in. (9.5 cm); Diam. 12 1/4 in. (31.1 cm),"[{'elementName': 'Other', 'elementDescription': None, 'elementMeasurements': {'Diameter': 31.1151, 'Height': 9.525}}]","Gift of Mrs. Robert W. de Forest, 1933",Made in,,Pennsylvania,,United States,Mid-Atlantic,,,,,,,,,2025-01-30T04:54:21.21Z,"Metropolitan Museum of Art, New York, NY",https://www.metmuseum.org/art/collection/search/299,,https://www.wikidata.org/wiki/Q116373502,False,774
300,False,17.201,1917,True,https://images.metmuseum.org/CRDImages/ad/original/69178.jpg,https://images.metmuseum.org/CRDImages/ad/web-large/69178.jpg,[],,The American Wing,Balcony,Balcony,American,,,,,,,,,,,,,,,,,1800–1830,1800,1830,Wrought iron,44 1/2 x 242 in. (113 x 614.7 cm),"[{'elementName': 'Overall', 'elementDescription': None, 'elementMeasurements': {'Height': 113, 'Width': 614.6812}}]","Rogers Fund, 1917",Made in,Petersburg,Virginia,,United States,Southern,,,,,,,,,2021-04-06T04:41:04.967Z,"Metropolitan Museum of Art, New York, NY",https://www.metmuseum.org/art/collection/search/300,"[{'term': 'Balconies', 'AAT_URL': 'http://vocab.getty.edu/page/aat/300002588', 'Wikidata_URL': 'https://www.wikidata.org/wiki/Q170552'}]",,False,
301,False,30.120.276,1930,False,,,[],,The American Wing,Ball,Ball,American,,,,,,,,,,,,,,,,,1800–1850,1800,1850,Free-blown amethyst glass,Diam. 8 in. (20.3 cm),"[{'elementName': 'Other', 'elementDescription': 'Object diameter', 'elementMeasurements': {'Diameter': 20.3}}]","The Sylmaris Collection, Gift of George Coe Graves, 1930",Made in,,,,United States,,,,,,,,,,2023-02-07T04:46:51.34Z,"Metropolitan Museum of Art, New York, NY",https://www.metmuseum.org/art/collection/search/301,,https://www.wikidata.org/wiki/Q116390214,False,774
303,False,30.120.275,1930,False,,,[],,The American Wing,Ball,Ball,American,,,,,,,,,,,,,,,,,1800–1850,1800,1850,Free-blown amethyst glass,Diam. 7 1/2 in. (19.1 cm),"[{'elementName': 'Other', 'elementDescription': 'Object diameter', 'elementMeasurements': {'Diameter': 19.1}}]","The Sylmaris Collection, Gift of George Coe Graves, 1930",Made in,,,,United States,,,,,,,,,,2023-02-07T04:46:51.34Z,"Metropolitan Museum of Art, New York, NY",https://www.metmuseum.org/art/collection/search/303,,https://www.wikidata.org/wiki/Q116390219,False,774
304,False,17.116.2,1917,False,,,[],,The American Wing,Wall panel,"Panel from the Ballroom at Gadsby's Tavern, Alexandria, Virginia",American,,,,,,,,,,,,,,,,,1792–93,1792,1793,Wood,13 ft. 9 in. x 24 ft. 2 1/2 in. x 50 ft. 9 1/2 in.,,"Rogers Fund, 1917",Made in,Alexandria,Virginia,,United States,Southern,,,,,,,,,2024-08-29T04:53:50.48Z,"Metropolitan Museum of Art, New York, NY",https://www.metmuseum.org/art/collection/search/304,,https://www.wikidata.org/wiki/Q116390224,False,719
305,False,1973.211.1,1973,False,,,[],"[{'constituentID': 162493, 'role': 'Maker', 'name': 'Louis Henry Sullivan', 'constituentULAN_URL': 'http://vocab.getty.edu/page/ulan/500013453', 'constituentWikidata_URL': 'https://www.wikidata.org/wiki/Q243240', 'gender': ''}]",The American Wing,Baluster,"Baluster from the Carson, Pirie, Scott Company, Chicago",American,,,,,Maker,,Louis Henry Sullivan,"American, Boston, Massachusetts 1856–1924 Chicago, Illinois",,"Sullivan, Louis Henry",American,1856,1924,,https://www.wikidata.org/wiki/Q243240,http://vocab.getty.edu/page/ulan/500013453,ca. 1899–1904,1896,1904,Cast iron,39 x 9 7/8 x 1 in. (99.1 x 25.1 x 2.5 cm),"[{'elementName': 'Overall', 'elementDescription': None, 'elementMeasurements': {'Depth': 2.54, 'Height': 99.1, 'Width': 25.1}}]","Gift of the Art Institute of Chicago, 1973",Made in,Chicago,Illinois,,United States,Midwest,,,,,,,,,2021-04-06T04:41:04.967Z,"Metropolitan Museum of Art, New York, NY",https://www.metmuseum.org/art/collection/search/305,,,False,
306,False,1973.211.2,1973,False,,,[],"[{'constituentID': 162493, 'role': 'Maker', 'name': 'Louis Henry Sullivan', 'constituentULAN_URL': 'http://vocab.getty.edu/page/ulan/500013453', 'constituentWikidata_URL': 'https://www.wikidata.org/wiki/Q243240', 'gender': ''}]",The American Wing,Baluster,"Baluster from the Carson, Pirie, Scott Company, Chicago",American,,,,,Maker,,Louis Henry Sullivan,"American, Boston, Massachusetts 1856–1924 Chicago, Illinois",,"Sullivan, Louis Henry",American,1856,1924,,https://www.wikidata.org/wiki/Q243240,http://vocab.getty.edu/page/ulan/500013453,1899–1904,1899,1904,Cast iron,39 x 9 7/8 x 1 in. (99.1 x 25.1 x 2.5 cm),"[{'elementName': 'Overall', 'elementDescription': None, 'elementMeasurements': {'Depth': 2.5, 'Height': 99.1, 'Width': 25.0826}}]","Gift of the Art Institute of Chicago, 1973",Made in,Chicago,Illinois,,United States,Midwest,,,,,,,,,2021-04-06T04:41:04.967Z,"Metropolitan Museum of Art, New York, NY",https://www.metmuseum.org/art/collection/search/306,,,False,
307,False,1973.211.3,1973,False,,,[],"[{'constituentID': 162493, 'role': 'Maker', 'name': 'Louis Henry Sullivan', 'constituentULAN_URL': 'http://vocab.getty.edu/page/ulan/500013453', 'constituentWikidata_URL': 'https://www.wikidata.org/wiki/Q243240', 'gender': ''}]",The American Wing,Baluster,"Baluster from the Carson, Pirie, Scott Company, Chicago",American,,,,,Maker,,Louis Henry Sullivan,"American, Boston, Massachusetts 1856–1924 Chicago, Illinois",,"Sullivan, Louis Henry",American,1856,1924,,https://www.wikidata.org/wiki/Q243240,http://vocab.getty.edu/page/ulan/500013453,1899–1904,1899,1904,Cast iron,40 x 9 7/8 x 2 1/8 in. (101.6 x 25.1 x 5.4 cm),"[{'elementName': 'Overall', 'elementDescription': None, 'elementMeasurements': {'Depth': 5.4, 'Height': 101.6, 'Width': 25.0826}}]","Gift of the Art Institute of Chicago, 1973",Made in,Chicago,Illinois,,United States,Midwest,,,,,,,,,2021-04-06T04:41:04.967Z,"Metropolitan Museum of Art, New York, NY",https://www.metmuseum.org/art/collection/search/307,,,False,
308,False,1973.211.4,1973,False,,,[],"[{'constituentID': 162493, 'role': 'Maker', 'name': 'Fabricated by Louis Henry Sullivan', 'constituentULAN_URL': 'http://vocab.getty.edu/page/ulan/500013453', 'constituentWikidata_URL': 'https://www.wikidata.org/wiki/Q243240', 'gender': ''}, {'constituentID': 165156, 'role': 'Manufacturer', 'name': 'Winslow Brothers Company', 'constituentULAN_URL': '', 'constituentWikidata_URL': '', 'gender': ''}]",The American Wing,Baluster,"Baluster from the Carson, Pirie, Scott Company, Chicago",American,,,,,Maker,Fabricated by,Louis Henry Sullivan,"American, Boston, Massachusetts 1856–1924 Chicago, Illinois",,"Sullivan, Louis Henry",American,1856,1924,,https://www.wikidata.org/wiki/Q243240,http://vocab.getty.edu/page/ulan/500013453,1899–1904,1899,1904,Cast iron,39 x 9 7/8 x 1 in. (99.1 x 25.1 x 2.5 cm),"[{'elementName': 'Overall', 'elementDescription': None, 'elementMeasurements': {'Depth': 2.54, 'Height': 99.1, 'Width': 25.1}}]","Gift of the Art Institute of Chicago, 1973",Made in,Chicago,Illinois,,United States,Midwest,,,,,,,,,2023-02-07T04:46:51.34Z,"Metropolitan Museum of Art, New York, NY",https://www.metmuseum.org/art/collection/search/308,,https://www.wikidata.org/wiki/Q116390230,False,701
309,False,1972.50.5,1972,False,,,[],"[{'constituentID': 162493, 'role': 'Maker', 'name': 'Louis Henry Sullivan', 'constituentULAN_URL': 'http://vocab.getty.edu/page/ulan/500013453', 'constituentWikidata_URL': 'https://www.wikidata.org/wiki/Q243240', 'gender': ''}, {'constituentID': 178034, 'role': 'Maker', 'name': 'Dankmar Adler', 'constituentULAN_URL': 'http://vocab.getty.edu/page/ulan/500000517', 'constituentWikidata_URL': 'https://www.wikidata.org/wiki/Q76573', 'gender': ''}]",The American Wing,Baluster,"Baluster from the Chicago Stock Exchange Building, Chicago",American,,,,,Maker,,Louis Henry Sullivan,"American, Boston, Massachusetts 1856–1924 Chicago, Illinois",,"Sullivan, Louis Henry",American,1856,1924,,https://www.wikidata.org/wiki/Q243240,http://vocab.getty.edu/page/ulan/500013453,1893,1893,1893,Copper-plated cast iron,10 7/8 x 31 3/4 in. (27.6 x 80.6 cm),"[{'elementName': 'Overall', 'elementDescription': None, 'elementMeasurements': {'Height': 27.6226, 'Width': 80.6}}]","Purchase, Emily Crane Chadbourne Bequest and Mr. and Mrs. James Biddle Gift, by exchange, 1972",Made in,Chicago,Illinois,,United States,Midwest,,,,,,,,,2021-04-06T04:41:04.967Z,"Metropolitan Museum of Art, New York, NY",https://www.metmuseum.org/art/collection/search/309,,,False,
310,False,1972.50.6,1972,False,,,[],"[{'constituentID': 162493, 'role': 'Maker', 'name': 'Louis Henry Sullivan', 'constituentULAN_URL': 'http://vocab.getty.edu/page/ulan/500013453', 'constituentWikidata_URL': 'https://www.wikidata.org/wiki/Q243240', 'gender': ''}, {'constituentID': 178034, 'role': 'Maker', 'name': 'Dankmar Adler', 'constituentULAN_URL': 'http://vocab.getty.edu/page/ulan/500000517', 'constituentWikidata_URL': 'https://www.wikidata.org/wiki/Q76573', 'gender': ''}]",The American Wing,Baluster,"Baluster from the Chicago Stock Exchange Building, Chicago",American,,,,,Maker,,Louis Henry Sullivan,"American, Boston, Massachusetts 1856–1924 Chicago, Illinois",,"Sullivan, Louis Henry",American,1856,1924,,https://www.wikidata.org/wiki/Q243240,http://vocab.getty.edu/page/ulan/500013453,1893,1893,1893,Copper-plated cast iron,31 3/4 x 10 7/8 x 1 1/8 in. (80.6 x 27.6 x 2.9 cm),"[{'elementName': 'Overall', 'elementDescription': None, 'elementMeasurements': {'Depth': 2.9, 'Height': 80.6, 'Width': 27.6226}}]","Purchase, Emily Crane Chadbourne Bequest and Mr. and Mrs. James Biddle Gift, by exchange, 1972",Made in,Chicago,Illinois,,United States,Midwest,,,,,,,,,2021-04-06T04:41:04.967Z,"Metropolitan Museum of Art, New York, NY",https://www.metmuseum.org/art/collection/search/310,,,False,
311,False,1984.98,1984,False,,,[],"[{'constituentID': 162493, 'role': 'Designer', 'name': 'Designed by Louis Henry Sullivan', 'constituentULAN_URL': 'http://vocab.getty.edu/page/ulan/500013453', 'constituentWikidata_URL': 'https://www.wikidata.org/wiki/Q243240', 'gender': ''}, {'constituentID': 1134, 'role': 'Manufacturer', 'name': 'Manufactured by Yale and Towne Manufacturing Company', 'constituentULAN_URL': '', 'constituentWikidata_URL': '', 'gender': ''}, {'constituentID': 178034, 'role': 'Maker', 'name': 'Dankmar Adler', 'constituentULAN_URL': 'http://vocab.getty.edu/page/ulan/500000517', 'constituentWikidata_URL': 'https://www.wikidata.org/wiki/Q76573', 'gender': ''}]",The American Wing,Baluster,"Baluster from the Guaranty Building, Buffalo, New York",American,,,,,Designer,Designed by,Louis Henry Sullivan,"American, Boston, Massachusetts 1856–1924 Chicago, Illinois",,"Sullivan, Louis Henry",American,1856,1924,,https://www.wikidata.org/wiki/Q243240,http://vocab.getty.edu/page/ulan/500013453,ca. 1894–95,1891,1895,Bronze-plated cast iron,34 1/2 x 10 in. (87.6 x 25.4 cm),"[{'elementName': 'Overall', 'elementDescription': None, 'elementMeasurements': {'Height': 87.6, 'Width': 25.4001}}]","Friends of the American Wing Fund, 1984",Made in,Chicago,Illinois,,United States,Midwest,,,,,,,,,2023-02-07T04:46:51.34Z,"Metropolitan Museum of Art, New York, NY",https://www.metmuseum.org/art/collection/search/311,,https://www.wikidata.org/wiki/Q116373501,False,701
312,False,1971.180.106,1971,False,,,[],,The American Wing,Vase,Baluster Vase,Chinese,,,,,,,,,,,,,,,,,1800–1900,1800,1900,Porcelain,H. 9 7/16 in. (24 cm),"[{'elementName': 'Overall', 'elementDescription': None, 'elementMeasurements': {'Height': 24}}]","Bequest of Flora E. Whiting, 1971",Made in,,,,China,,,,,,,,,,2025-01-30T04:54:21.21Z,"Metropolitan Museum of Art, New York, NY",https://www.metmuseum.org/art/collection/search/312,"[{'term': 'Flowers', 'AAT_URL': 'http://vocab.getty.edu/page/aat/300132399', 'Wikidata_URL': 'https://www.wikidata.org/wiki/Q506'}]",https://www.wikidata.org/wiki/Q116390231,False,774
313,False,1971.180.107,1971,False,,,[],,The American Wing,Vase,Baluster Vase,Chinese,,,,,,,,,,,,,,,,,1800–1900,1800,1900,Porcelain,H. 9 1/4 in. (23.5 cm),"[{'elementName': 'Overall', 'elementDescription': None, 'elementMeasurements': {'Height': 23.5}}]","Bequest of Flora E. Whiting, 1971",Made in,,,,China,,,,,,,,,,2023-10-12T04:55:57.067Z,"Metropolitan Museum of Art, New York, NY",https://www.metmuseum.org/art/collection/search/313,"[{'term': 'Flowers', 'AAT_URL': 'http://vocab.getty.edu/page/aat/300132399', 'Wikidata_URL': 'https://www.wikidata.org/wiki/Q506'}]",https://www.wikidata.org/wiki/Q116390233,False,774
314,False,1971.180.108,1971,False,,,[],,The American Wing,Vase,Baluster Vase,Chinese,,,,,,,,,,,,,,,,,1800–1900,1800,1900,Porcelain,H. 9 1/8 in. (23.2 cm),"[{'elementName': 'Overall', 'elementDescription': None, 'elementMeasurements': {'Height': 23.2}}]","Bequest of Flora E. Whiting, 1971",Made in,,,,China,,,,,,,,,,2025-01-30T04:54:21.21Z,"Metropolitan Museum of Art, New York, NY",https://www.metmuseum.org/art/collection/search/314,"[{'term': 'Flowers', 'AAT_URL': 'http://vocab.getty.edu/page/aat/300132399', 'Wikidata_URL': 'https://www.wikidata.org/wiki/Q506'}]",https://www.wikidata.org/wiki/Q116390234,False,774
315,False,1971.180.36,1971,True,https://images.metmuseum.org/CRDImages/ad/original/DP-16260-001.jpg,https://images.metmuseum.org/CRDImages/ad/web-large/DP-16260-001.jpg,"['https://images.metmuseum.org/CRDImages/ad/original/DP-16170-060.jpg', 'https://images.metmuseum.org/CRDImages/ad/original/199889.jpg']","[{'constituentID': 1135, 'role': 'Maker', 'name': 'Curtis and Dunning', 'constituentULAN_URL': '', 'constituentWikidata_URL': '', 'gender': ''}]",The American Wing,Banjo clock,Banjo clock,American,,,,,Maker,,Curtis and Dunning,1816–ca. 1833,,Curtis and Dunning,American,1816,1833,,,,1813–16,1813,1816,"Mahogany, gilded gesso, verre églomisé tablets",40 1/2 x 10 in. (102.9 x 25.4 cm),"[{'elementName': 'Overall', 'elementDescription': None, 'elementMeasurements': {'Height': 102.9, 'Width': 25.4001}}]","Bequest of Flora E. Whiting, 1971",Made in,Concord,Massachusetts,,United States,New England,,,,,,,,,2025-01-30T04:54:21.21Z,"Metropolitan Museum of Art, New York, NY",https://www.metmuseum.org/art/collection/search/315,"[{'term': 'Houses', 'AAT_URL': 'http://vocab.getty.edu/page/aat/300005433', 'Wikidata_URL': 'https://www.wikidata.org/wiki/Q3947'}, {'term': 'Landscapes', 'AAT_URL': 'http://vocab.getty.edu/page/aat/300132294', 'Wikidata_URL': 'https://www.wikidata.org/wiki/Q191163'}]",https://www.wikidata.org/wiki/Q116234879,False,729
316,False,30.120.15,1930,True,https://images.metmuseum.org/CRDImages/ad/original/80836.jpg,https://images.metmuseum.org/CRDImages/ad/web-large/80836.jpg,[],"[{'constituentID': 1136, 'role': 'Maker', 'name': 'Aaron Willard Jr.', 'constituentULAN_URL': 'http://vocab.getty.edu/page/ulan/500076346', 'constituentWikidata_URL': 'https://www.wikidata.org/wiki/Q4662538', 'gender': ''}]",The American Wing,Banjo clock,Banjo Clock,American,,,,,Maker,,Aaron Willard Jr.,1783–1864,,"Willard, Jr. Aaron",American,1783,1864,,https://www.wikidata.org/wiki/Q4662538,http://vocab.getty.edu/page/ulan/500076346,ca. 1825,1822,1825,"Mahogany, gilt gesso, eglomise tablets, white pine, tulip poplar",34 1/2 x 10 in. (87.6 x 25.4 cm),"[{'elementName': 'Overall', 'elementDescription': None, 'elementMeasurements': {'Height': 87.6, 'Width': 25.4001}}]","The Sylmaris Collection, Gift of George Coe Graves, 1930",Made in,Boston,Massachusetts,,United States,New England,,,,,,,,,2023-02-07T04:46:51.34Z,"Metropolitan Museum of Art, New York, NY",https://www.metmuseum.org/art/collection/search/316,"[{'term': 'Chariots', 'AAT_URL': 'http://vocab.getty.edu/page/aat/300212699', 'Wikidata_URL': 'https://www.wikidata.org/wiki/Q203788'}, {'term': 'Eagles', 'AAT_URL': 'http://vocab.getty.edu/page/aat/300250049', 'Wikidata_URL': 'https://www.wikidata.org/wiki/Q2092297'}, {'term': 'Horses', 'AAT_URL': 'http://vocab.getty.edu/page/aat/300250148', 'Wikidata_URL': 'https://www.wikidata.org/wiki/Q726'}]",https://www.wikidata.org/wiki/Q116373495,False,774
317,False,37.37.3,1937,True,https://images.metmuseum.org/CRDImages/ad/original/111049.jpg,https://images.metmuseum.org/CRDImages/ad/web-large/111049.jpg,[],"[{'constituentID': 1136, 'role': 'Maker', 'name': 'Possibly Aaron Willard Jr.', 'constituentULAN_URL': 'http://vocab.getty.edu/page/ulan/500076346', 'constituentWikidata_URL': 'https://www.wikidata.org/wiki/Q4662538', 'gender': ''}]",The American Wing,Banjo clock,Banjo Clock,American,,,,,Maker,Possibly,Aaron Willard Jr.,1783–1864,,"Willard, Jr. Aaron",American,1783,1864,,https://www.wikidata.org/wiki/Q4662538,http://vocab.getty.edu/page/ulan/500076346,1815–25,1815,1825,"Mahogany, gilt gesso, eglomise tablets, white pine, tulip poplar",H. 43 in. (109.2 cm),"[{'elementName': 'Overall', 'elementDescription': None, 'elementMeasurements': {'Height': 109.2202}}]","Bequest of William B. Whitney, 1937",Made in,,Massachusetts,,United States,New England,,,,,,,,,2023-02-07T04:46:51.34Z,"Metropolitan Museum of Art, New York, NY",https://www.metmuseum.org/art/collection/search/317,"[{'term': 'Eagles', 'AAT_URL': 'http://vocab.getty.edu/page/aat/300250049', 'Wikidata_URL': 'https://www.wikidata.org/wiki/Q2092297'}]",https://www.wikidata.org/wiki/Q116373496,False,774
318,False,30.120.308,1930,True,https://images.metmuseum.org/CRDImages/ad/original/DP207752.jpg,https://images.metmuseum.org/CRDImages/ad/web-large/DP207752.jpg,[],"[{'constituentID': 1137, 'role': 'Maker', 'name': 'Possibly Boston &amp; Sandwich Glass Company', 'constituentULAN_URL': 'http://vocab.getty.edu/page/ulan/500334773', 'constituentWikidata_URL': 'https://www.wikidata.org/wiki/Q4948224', 'gender': ''}]",The American Wing,Bank,Bank,American,,,,,Maker,Possibly,Boston & Sandwich Glass Company,"American, 1825–1888, Sandwich, Massachusetts",,Boston and Sandwich Glass Company,American,1825,1888,,https://www.wikidata.org/wiki/Q4948224,http://vocab.getty.edu/page/ulan/500334773,1833–50,1833,1850,Blown glass with applied decoration,H. 10 1/4 in. (26 cm),"[{'elementName': 'Overall', 'elementDescription': None, 'elementMeasurements': {'Height': 26}}]","The Sylmaris Collection, Gift of George Coe Graves, 1930",Made in,Sandwich,Massachusetts,,United States,New England,,,,,,,,,2025-01-30T04:54:21.21Z,"Metropolitan Museum of Art, New York, NY",https://www.metmuseum.org/art/collection/search/318,"[{'term': 'Birds', 'AAT_URL': 'http://vocab.getty.edu/page/aat/300266506', 'Wikidata_URL': 'https://www.wikidata.org/wiki/Q5113'}]",https://www.wikidata.org/wiki/Q116373486,False,704
319,False,11.87.85,1911,True,https://images.metmuseum.org/CRDImages/ad/original/DP250084.jpg,https://images.metmuseum.org/CRDImages/ad/web-large/DP250084.jpg,['https://images.metmuseum.org/CRDImages/ad/original/DP250139.jpg'],,The American Wing,Baptismal basin,Baptismal Basin,Mexican,,,,,,,,,,,,,,,,,1875–1900,1875,1900,Tin-glazed earthenware,Diam. 16 3/4 in. (42.5 cm),"[{'elementName': 'Other', 'elementDescription': 'Object diameter', 'elementMeasurements': {'Diameter': 42.5}}]","Gift of Mrs. Robert W. de Forest, 1911",Made in,,,,Mexico,,,,,,,,,,2025-01-30T04:54:21.21Z,"Metropolitan Museum of Art, New York, NY",https://www.metmuseum.org/art/collection/search/319,"[{'term': 'Baptism of Christ', 'AAT_URL': 'http://vocab.getty.edu/page/ia/901001066', 'Wikidata_URL': 'https://www.wikidata.org/wiki/Q217048'}, {'term': 'Angels', 'AAT_URL': 'http://vocab.getty.edu/page/aat/300379004', 'Wikidata_URL': 'https://www.wikidata.org/wiki/Q235113'}, {'term': 'Christ', 'AAT_URL': 'http://vocab.getty.edu/page/ia/901000087', 'Wikidata_URL': 'https://www.wikidata.org/wiki/Q642420'}]",https://www.wikidata.org/wiki/Q116390235,False,774
322,False,48.91,1948,True,https://images.metmuseum.org/CRDImages/ad/original/141403.jpg,https://images.metmuseum.org/CRDImages/ad/web-large/141403.jpg,['https://images.metmuseum.org/CRDImages/ad/original/141404.jpg'],"[{'constituentID': 1140, 'role': 'Maker', 'name': 'Samuel Danforth', 'constituentULAN_URL': 'http://vocab.getty.edu/page/ulan/500034372', 'constituentWikidata_URL': 'https://www.wikidata.org/wiki/Q99453266', 'gender': ''}]",The American Wing,Baptismal bowl,Baptismal Bowl,American,,,,,Maker,,Samuel Danforth,1774–1816,,"Danforth, Samuel",American,1774,1816,,https://www.wikidata.org/wiki/Q99453266,http://vocab.getty.edu/page/ulan/500034372,1795–1816,1795,1816,Pewter,H. 2 1/4 in. (5.7 cm); Diam. 7 5/8 in. (19.4 cm),"[{'elementName': 'Other', 'elementDescription': None, 'elementMeasurements': {'Diameter': 19.3675, 'Height': 5.715}}]","Gift of Mrs. J. Insley Blair, in memory of her husband, 1941",Made in,Hartford,Connecticut,,United States,New England,,,,,,,,,2023-02-07T04:46:51.34Z,"Metropolitan Museum of Art, New York, NY",https://www.metmuseum.org/art/collection/search/322,,https://www.wikidata.org/wiki/Q116373489,False,774
323,False,17.203.28,1917,True,https://images.metmuseum.org/CRDImages/ad/original/37744.jpg,https://images.metmuseum.org/CRDImages/ad/web-large/37744.jpg,[],,The American Wing,Baptismal certificate,Baptismal Certificate,American,,,,,,,,,,,,,,,,,1807,1807,1807,Paper,9 3/4 x 11 3/8 in. (24.8 x 28.9 cm),"[{'elementName': 'Overall', 'elementDescription': None, 'elementMeasurements': {'Height': 24.8, 'Width': 28.8926}}]","Rogers Fund, 1917",,,,,,,,,,,,,,,2021-07-03T04:41:36.377Z,"Metropolitan Museum of Art, New York, NY",https://www.metmuseum.org/art/collection/search/323,,,False,
324,False,Inst.68.8.82,1968,True,https://images.metmuseum.org/CRDImages/ad/original/ADA6270.jpg,https://images.metmuseum.org/CRDImages/ad/web-large/ADA6270.jpg,[],"[{'constituentID': 1131, 'role': 'Retailer', 'name': 'Henry Kellam Hancock', 'constituentULAN_URL': '', 'constituentWikidata_URL': '', 'gender': ''}]",The American Wing,Furniture hardware,Furniture Hardware,,,,,,Retailer,,Henry Kellam Hancock,1816–1851,,"Hancock, Henry Kellam",,1816,1851,,,,1820–30,1820,1830,Gilt brass,2 3/8 x 7/8 in. (6 x 2.2 cm),"[{'elementName': 'Overall', 'elementDescription': None, 'elementMeasurements': {'Height': 6.0325, 'Width': 2.2}}]","Gift of Mrs. Edward Hunting Smith, 1968",Possibly made in,,,,France,,,,,,,,,,2023-02-07T04:46:51.34Z,"Metropolitan Museum of Art, New York, NY",https://www.metmuseum.org/art/collection/search/324,,https://www.wikidata.org/wiki/Q116373490,False,774
325,False,Inst.68.8.83,1968,True,https://images.metmuseum.org/CRDImages/ad/original/ADA6270.jpg,https://images.metmuseum.org/CRDImages/ad/web-large/ADA6270.jpg,[],"[{'constituentID': 1131, 'role': 'Retailer', 'name': 'Henry Kellam Hancock', 'constituentULAN_URL': '', 'constituentWikidata_URL': '', 'gender': ''}]",The American Wing,Furniture hardware,Furniture Hardware,,,,,,Retailer,,Henry Kellam Hancock,1816–1851,,"Hancock, Henry Kellam",,1816,1851,,,,1820–30,1820,1830,Gilt brass,2 1/2 x 3/4 in. (6.4 x 1.9 cm),"[{'elementName': 'Overall', 'elementDescription': None, 'elementMeasurements': {'Height': 6.4, 'Width': 1.905}}]","Gift of Mrs. Edward Hunting Smith, 1968",Possibly made in,,,,France,,,,,,,,,,2023-02-07T04:46:51.34Z,"Metropolitan Museum of Art, New York, NY",https://www.metmuseum.org/art/collection/search/325,,https://www.wikidata.org/wiki/Q116373492,False,774
326,False,40.150.13,1940,True,https://images.metmuseum.org/CRDImages/ad/original/DP242978.jpg,https://images.metmuseum.org/CRDImages/ad/web-large/DP242978.jpg,[],,The American Wing,Bottle,Bar Bottle,American,,,,,,,,,,,,,,,,,1840–60,1840,1860,Free-blown molded aquamarine glass,H. 10 7/8 in. (27.6 cm),"[{'elementName': 'Overall', 'elementDescription': None, 'elementMeasurements': {'Height': 27.6}}]","Bequest of Constance R. Brown, 1939",Probably made in,Pittsburgh,Pennsylvania,,United States,Mid-Atlantic,,,,,,,,,2025-01-30T04:54:21.21Z,"Metropolitan Museum of Art, New York, NY",https://www.metmuseum.org/art/collection/search/326,,https://www.wikidata.org/wiki/Q116373488,False,774
327,False,13.7.10,1913,True,https://images.metmuseum.org/CRDImages/ad/original/DP264277.jpg,https://images.metmuseum.org/CRDImages/ad/web-large/DP264277.jpg,['https://images.metmuseum.org/CRDImages/ad/original/14832.jpg'],,The American Wing,Mug,Barrel Mug,American,,,,,,,,,,,,,,,,,1700–1900,1700,1900,Earthenware,5 3/4 x 6 x 4 5/8 in. (14.6 x 15.2 x 11.7 cm),"[{'elementName': 'Overall', 'elementDescription': None, 'elementMeasurements': {'Depth': 11.7, 'Height': 14.6, 'Width': 15.2}}]","Rogers Fund, 1913",Made in,,Connecticut,,United States,New England,,,,,,,,,2025-01-30T04:54:21.21Z,"Metropolitan Museum of Art, New York, NY",https://www.metmuseum.org/art/collection/search/327,,https://www.wikidata.org/wiki/Q116390238,False,774
328,False,13.7.11,1913,True,https://images.metmuseum.org/CRDImages/ad/original/DP264276.jpg,https://images.metmuseum.org/CRDImages/ad/web-large/DP264276.jpg,['https://images.metmuseum.org/CRDImages/ad/original/14832.jpg'],,The American Wing,Mug,Barrel Mug,American,,,,,,,,,,,,,,,,,1700–1900,1700,1900,Probably earthenware,4 1/8 x 4 5/8 x 3 5/8 in. (10.5 x 11.7 x 9.2 cm),"[{'elementName': 'Overall', 'elementDescription': None, 'elementMeasurements': {'Depth': 9.2, 'Height': 10.5, 'Width': 11.7}}]","Rogers Fund, 1913",Made in,,Connecticut,,United States,New England,,,,,,,,,2025-01-30T04:54:21.21Z,"Metropolitan Museum of Art, New York, NY",https://www.metmuseum.org/art/collection/search/328,,https://www.wikidata.org/wiki/Q116390242,False,774
329,False,10.125.599z (22),1910,True,https://images.metmuseum.org/CRDImages/ad/original/12905.jpg,https://images.metmuseum.org/CRDImages/ad/web-large/12905.jpg,[],,The American Wing,Keg,Keg,,,,,,,,,,,,,,,,,,1700–1800,1700,1800,"Wood; Cedar, iron",20 1/2 x 10 1/2 in. (52.1 x 26.7 cm),"[{'elementName': 'Overall', 'elementDescription': None, 'elementMeasurements': {'Height': 52.1, 'Width': 26.6701}}]","Gift of Mrs. Russell Sage, 1909",,,,,,,,,,,,,,,2023-02-07T04:46:51.34Z,"Metropolitan Museum of Art, New York, NY",https://www.metmuseum.org/art/collection/search/329,,https://www.wikidata.org/wiki/Q116373484,False,774
331,False,11.87.23,1911,False,,,[],,The American Wing,Basin,Basin,Mexican,,,,,,,,,,,,,,,,,ca. 1800,1797,1800,Tin-glazed earthenware,Diam. 11 1/4 in. (28.6 cm),"[{'elementName': 'Other', 'elementDescription': 'Object diameter', 'elementMeasurements': {'Diameter': 28.6}}]","Gift of Mrs. Robert W. de Forest, 1911",Made in,,,,Mexico,,,,,,,,,,2023-02-07T04:46:51.34Z,"Metropolitan Museum of Art, New York, NY",https://www.metmuseum.org/art/collection/search/331,,https://www.wikidata.org/wiki/Q116390243,False,774
332,False,34.100.224,1934,True,https://images.metmuseum.org/CRDImages/ad/original/ADA6357.jpg,https://images.metmuseum.org/CRDImages/ad/web-large/ADA6357.jpg,['https://images.metmuseum.org/CRDImages/ad/original/98445.jpg'],,The American Wing,Basin,Basin,American,,,,,,,,,,,,,,,,,1860–1900,1860,1900,Earthenware with slip decoration,H. 6 in. (15.2 cm); Diam. 14 in. (35.6 cm),"[{'elementName': 'Other', 'elementDescription': None, 'elementMeasurements': {'Diameter': 35.5601, 'Height': 15.24}}]","Gift of Mrs. Robert W. de Forest, 1933",Made in,Strasburg,Virginia,,United States,Southern,,,,,,,,,2024-05-21T04:52:07.063Z,"Metropolitan Museum of Art, New York, NY",https://www.metmuseum.org/art/collection/search/332,,https://www.wikidata.org/wiki/Q116390244,False,774
333,False,38.87.2,1938,True,https://images.metmuseum.org/CRDImages/ad/original/DP-16170-026.jpg,https://images.metmuseum.org/CRDImages/ad/web-large/DP-16170-026.jpg,"['https://images.metmuseum.org/CRDImages/ad/original/DP-16170-025.jpg', 'https://images.metmuseum.org/CRDImages/ad/original/115459.jpg']",,The American Wing,Basin,Basin,Chinese,,,,,,,,,,,,,,,,,1825–45,1825,1845,Porcelain,H. 4 1/4 in. (10.8); Diam. 14 1/2 in. (36.8 cm),"[{'elementName': 'Other', 'elementDescription': None, 'elementMeasurements': {'Diameter': 36.8301, 'Height': 10.795}}]","Gift of Mrs. Henry M. Ferriday, 1938",Made in,,,,China,,,,,,,,,,2025-01-30T04:54:21.21Z,"Metropolitan Museum of Art, New York, NY",https://www.metmuseum.org/art/collection/search/333,"[{'term': 'Women', 'AAT_URL': 'http://vocab.getty.edu/page/aat/300025943', 'Wikidata_URL': 'https://www.wikidata.org/wiki/Q467'}, {'term': 'Men', 'AAT_URL': 'http://vocab.getty.edu/page/aat/300025928', 'Wikidata_URL': 'https://www.wikidata.org/wiki/Q8441'}]",https://www.wikidata.org/wiki/Q116234877,False,729
334,False,43.162.44,1943,True,https://images.metmuseum.org/CRDImages/ad/original/132033.jpg,https://images.metmuseum.org/CRDImages/ad/web-large/132033.jpg,[],,The American Wing,Basin,Basin,American,,,,,,,,,,,,,,,,,1760–80,1760,1780,Pewter,H. 2 in. (5.1 cm); Diam. 8 in. (20.3 cm),"[{'elementName': 'Other', 'elementDescription': None, 'elementMeasurements': {'Diameter': 20.32, 'Height': 5.08}}]","Gift of Joseph France, 1943",Made in,Boston,Massachusetts,,United States,New England,,,,,,,,,2023-02-07T04:46:51.34Z,"Metropolitan Museum of Art, New York, NY",https://www.metmuseum.org/art/collection/search/334,,https://www.wikidata.org/wiki/Q116373485,False,774
335,False,62.89.13,1962,True,https://images.metmuseum.org/CRDImages/ad/original/174376.jpg,https://images.metmuseum.org/CRDImages/ad/web-large/174376.jpg,[],"[{'constituentID': 1141, 'role': 'Maker', 'name': 'William Bradford Jr.', 'constituentULAN_URL': '', 'constituentWikidata_URL': '', 'gender': ''}]",The American Wing,Basin,Basin,American,,,,,Maker,,William Bradford Jr.,1688–1758,,"Bradford, Jr. William",American,1688,1758,,,,1719–58,1719,1758,Pewter,H. 1 5/8 in. (4.1 cm); Diam. 5 1/2 in. (14 cm),"[{'elementName': 'Other', 'elementDescription': None, 'elementMeasurements': {'Diameter': 13.97, 'Height': 4.1275}}]","Gift of Mrs. Stephen S. FitzGerald, 1962",Made in,New York,New York,,United States,Mid-Atlantic,,,,,,,,,2023-02-07T04:46:51.34Z,"Metropolitan Museum of Art, New York, NY",https://www.metmuseum.org/art/collection/search/335,,https://www.wikidata.org/wiki/Q116373487,False,774
336,False,41.34.40,1941,True,https://images.metmuseum.org/CRDImages/ad/original/123917.jpg,https://images.metmuseum.org/CRDImages/ad/web-large/123917.jpg,[],"[{'constituentID': 1142, 'role': 'Maker', 'name': 'Josiah Danforth', 'constituentULAN_URL': '', 'constituentWikidata_URL': '', 'gender': ''}]",The American Wing,Basin,Basin,American,,,,,Maker,,Josiah Danforth,1803–1872,,"Danforth, Josiah",American,1803,1872,,,,1821–ca. 1843,1821,1846,Pewter,H. 2 in. (5.1 cm); Diam. 7 7/8 in. (20 cm),"[{'elementName': 'Other', 'elementDescription': None, 'elementMeasurements': {'Diameter': 20.0025, 'Height': 5.08}}]","Gift of Mrs. J. Insley Blair, in memory of her husband, 1941",Made in,Middletown,Connecticut,,United States,New England,,,,,,,,,2023-02-07T04:46:51.34Z,"Metropolitan Museum of Art, New York, NY",https://www.metmuseum.org/art/collection/search/336,,https://www.wikidata.org/wiki/Q116373480,False,774
337,False,43.162.24,1943,True,https://images.metmuseum.org/CRDImages/ad/original/132013.jpg,https://images.metmuseum.org/CRDImages/ad/web-large/132013.jpg,[],"[{'constituentID': 1143, 'role': 'Maker', 'name': 'Thomas S. Derby', 'constituentULAN_URL': '', 'constituentWikidata_URL': '', 'gender': ''}]",The American Wing,Basin,Basin,American,,,,,Maker,,Thomas S. Derby,ca. 1786–1852,,"Derby, Thomas S.",American,1786,1852,,,,ca. 1822–50,1819,1850,Pewter,H. 1 5/8 in. (4.1 cm); Diam. 6 1/2 in. (16.5 cm),"[{'elementName': 'Other', 'elementDescription': None, 'elementMeasurements': {'Diameter': 16.51, 'Height': 4.1275}}]","Gift of Joseph France, 1943",Made in,Middletown,Connecticut,,United States,New England,,,,,,,,,2023-02-07T04:46:51.34Z,"Metropolitan Museum of Art, New York, NY",https://www.metmuseum.org/art/collection/search/337,,https://www.wikidata.org/wiki/Q116373475,False,774
338,False,1983.206.8,1983,False,,,[],"[{'constituentID': 1144, 'role': 'Maker', 'name': 'J. Eberly and Company', 'constituentULAN_URL': '', 'constituentWikidata_URL': '', 'gender': ''}]",The American Wing,Wash basin,Wash basin,American,,,,,Maker,,J. Eberly and Company,,,Eberly and Company J.,American,,9999,,,,1892–1903,1892,1903,Earthenware with slip decoration,Diam. 13 1/2 in. (34.3 cm),"[{'elementName': 'Other', 'elementDescription': 'Object diameter', 'elementMeasurements': {'Diameter': 34.3}}]","Gift of Mr. and Mrs. Stanley Herzman, 1983",Made in,Strasburg,Virginia,,United States,Southern,,,,,,,,,2025-01-30T04:54:21.21Z,"Metropolitan Museum of Art, New York, NY",https://www.metmuseum.org/art/collection/search/338,,https://www.wikidata.org/wiki/Q116390246,False,706
339,False,39.185.11,1939,True,https://images.metmuseum.org/CRDImages/ad/original/120271.jpg,https://images.metmuseum.org/CRDImages/ad/web-large/120271.jpg,[],"[{'constituentID': 1145, 'role': 'Maker', 'name': 'Samuel Green', 'constituentULAN_URL': '', 'constituentWikidata_URL': '', 'gender': ''}]",The American Wing,Basin,Basin,American,,,,,Maker,,Samuel Green,1757–ca. 1834,,"Green, Samuel",American,1757,1834,,,,1794–ca. 1834,1794,1837,Pewter,1 3/4 x 8 x 8 in. (4.4 x 20.3 x 20.3 cm),"[{'elementName': 'Overall', 'elementDescription': None, 'elementMeasurements': {'Depth': 20.3, 'Height': 4.445, 'Width': 20.3}}]","Gift of Mrs. J. Insley Blair, 1939",Made in,Boston,Massachusetts,,United States,New England,,,,,,,,,2023-02-07T04:46:51.34Z,"Metropolitan Museum of Art, New York, NY",https://www.metmuseum.org/art/collection/search/339,,https://www.wikidata.org/wiki/Q116373479,False,774
340,False,39.185.9,1939,False,,,[],"[{'constituentID': 1146, 'role': 'Maker', 'name': 'Sylvester Griswold', 'constituentULAN_URL': '', 'constituentWikidata_URL': '', 'gender': ''}]",The American Wing,Basin,Basin,American,,,,,Maker,,Sylvester Griswold,,,"Griswold, Sylvester",American,,9999,,,,ca. 1820,1817,1820,Pewter,1 5/8 x 6 5/8 x 6 5/8 in. (4.1 x 16.8 x 16.8 cm),"[{'elementName': 'Overall', 'elementDescription': None, 'elementMeasurements': {'Depth': 16.8, 'Height': 4.1275, 'Width': 16.8}}]","Gift of Mrs. J. Insley Blair, 1939",Made in,Baltimore,Maryland,,United States,Mid-Atlantic,,,,,,,,,2023-02-07T04:46:51.34Z,"Metropolitan Museum of Art, New York, NY",https://www.metmuseum.org/art/collection/search/340,,https://www.wikidata.org/wiki/Q116373483,False,774
341,False,39.185.10,1939,True,https://images.metmuseum.org/CRDImages/ad/original/120270.jpg,https://images.metmuseum.org/CRDImages/ad/web-large/120270.jpg,[],"[{'constituentID': 1147, 'role': 'Maker', 'name': 'Attributed to Samuel Hamlin', 'constituentULAN_URL': 'http://vocab.getty.edu/page/ulan/500056845', 'constituentWikidata_URL': 'https://www.wikidata.org/wiki/Q109886856', 'gender': ''}, {'constituentID': 1148, 'role': 'Maker', 'name': 'Attributed to Samuel Ely Hamlin', 'constituentULAN_URL': '', 'constituentWikidata_URL': '', 'gender': ''}]",The American Wing,Basin,Basin,American,,,,,Maker,Attributed to,Samuel Hamlin,1746–1801,,"Hamlin, Samuel",American,1746,1801,,https://www.wikidata.org/wiki/Q109886856,http://vocab.getty.edu/page/ulan/500056845,1770–1870,1770,1870,Pewter,2 x 5 3/4 x 5 3/4 in. (5.1 x 14.6 x 14.6 cm),"[{'elementName': 'Overall', 'elementDescription': None, 'elementMeasurements': {'Depth': 14.6, 'Height': 5.08, 'Width': 14.6}}]","Gift of Mrs. J. Insley Blair, 1939",Made in,Providence,Rhode Island,,United States,New England,,,,,,,,,2023-02-07T04:46:51.34Z,"Metropolitan Museum of Art, New York, NY",https://www.metmuseum.org/art/collection/search/341,,https://www.wikidata.org/wiki/Q116373474,False,774
342,False,41.34.39,1941,True,https://images.metmuseum.org/CRDImages/ad/original/123916.jpg,https://images.metmuseum.org/CRDImages/ad/web-large/123916.jpg,['https://images.metmuseum.org/CRDImages/ad/original/124018.jpg'],"[{'constituentID': 1149, 'role': 'Maker', 'name': 'Possibly Gershom Jones', 'constituentULAN_URL': '', 'constituentWikidata_URL': '', 'gender': ''}]",The American Wing,Basin,Basin,American,,,,,Maker,Possibly,Gershom Jones,1751–1809,,"Jones, Gershom",American,1751,1809,,,,1800–1809,1800,1809,Pewter,H. 2 in. (5.1 cm); Diam. 7 3/4 in. (19.7 cm),"[{'elementName': 'Other', 'elementDescription': None, 'elementMeasurements': {'Diameter': 19.685, 'Height': 5.08}}]","Gift of Mrs. J. Insley Blair, in memory of her husband, 1941",Made in,Providence,Rhode Island,,United States,New England,,,,,,,,,2023-02-07T04:46:51.34Z,"Metropolitan Museum of Art, New York, NY",https://www.metmuseum.org/art/collection/search/342,,https://www.wikidata.org/wiki/Q116373476,False,774
343,False,43.162.43,1943,True,https://images.metmuseum.org/CRDImages/ad/original/132032.jpg,https://images.metmuseum.org/CRDImages/ad/web-large/132032.jpg,[],"[{'constituentID': 1149, 'role': 'Maker', 'name': 'Possibly Gershom Jones', 'constituentULAN_URL': '', 'constituentWikidata_URL': '', 'gender': ''}]",The American Wing,Basin,Basin,American,,,,,Maker,Possibly,Gershom Jones,1751–1809,,"Jones, Gershom",American,1751,1809,,,,1770–1800,1770,1800,Pewter,H. 2 in. (5.1 cm); Diam. 6 1/4 in. (15.9 cm),"[{'elementName': 'Other', 'elementDescription': None, 'elementMeasurements': {'Diameter': 15.875, 'Height': 5.08}}]","Gift of Joseph France, 1943",Made in,Providence,Rhode Island,,United States,New England,,,,,,,,,2023-02-07T04:46:51.34Z,"Metropolitan Museum of Art, New York, NY",https://www.metmuseum.org/art/collection/search/343,,https://www.wikidata.org/wiki/Q116373478,False,774
344,False,41.34.41,1941,True,https://images.metmuseum.org/CRDImages/ad/original/123918.jpg,https://images.metmuseum.org/CRDImages/ad/web-large/123918.jpg,[],"[{'constituentID': 1150, 'role': 'Maker', 'name': 'George Lightner', 'constituentULAN_URL': '', 'constituentWikidata_URL': '', 'gender': ''}]",The American Wing,Basin,Basin,American,,,,,Maker,,George Lightner,1749–1815,,"Lightner, George",American,1749,1815,,,,ca. 1806–15,1803,1815,Pewter,H. 2 5/8 in. (6.7 cm); Diam. 11 5/8 in. (29.5 cm),"[{'elementName': 'Other', 'elementDescription': None, 'elementMeasurements': {'Diameter': 29.5276, 'Height': 6.6675}}]","Gift of Mrs. J. Insley Blair, in memory of her husband, 1941",Made in,Baltimore,Maryland,,United States,Mid-Atlantic,,,,,,,,,2023-02-07T04:46:51.34Z,"Metropolitan Museum of Art, New York, NY",https://www.metmuseum.org/art/collection/search/344,,https://www.wikidata.org/wiki/Q116373473,False,774
345,False,18.95.5,1918,True,https://images.metmuseum.org/CRDImages/ad/original/DP252560.jpg,https://images.metmuseum.org/CRDImages/ad/web-large/DP252560.jpg,['https://images.metmuseum.org/CRDImages/ad/original/DP252561.jpg'],"[{'constituentID': 1151, 'role': 'Maker', 'name': 'Lyman, Fenton &amp; Co.', 'constituentULAN_URL': '', 'constituentWikidata_URL': '', 'gender': ''}]",The American Wing,Basin,Basin,American,,,,,Maker,,"Lyman, Fenton & Co.",1849–52,,"Lyman, Fenton and Company",American,1849,1849,,,,1849–58,1849,1858,Mottled brown earthenware,H. 4 3/4 in. (12.1 cm); Diam. 15 in. (38.1 cm),"[{'elementName': 'Other', 'elementDescription': None, 'elementMeasurements': {'Diameter': 38.1001, 'Height': 12.065}}]","Rogers Fund, 1918",Made in,Bennington,Vermont,,United States,New England,,,,,,,,,2025-01-30T04:54:21.21Z,"Metropolitan Museum of Art, New York, NY",https://www.metmuseum.org/art/collection/search/345,,https://www.wikidata.org/wiki/Q116373468,False,774
